<configs>

		<append xpath="/blocks/block[@name='trapSpikesWoodMaster']">
		<property name="CanPickup" value="true"/>
		</append>
		<append xpath="/blocks/block[@name='trapSpikesScrapIronMaster']">
		<property name="CanPickup" value="true"/>
		</append>
		<append xpath="/blocks/block[@name='trapSpikesNew']">
		<property name="CanPickup" value="true"/>
		</append>
		<append xpath="/blocks/block[@name='mineCandyTin']">	
		<property name="CanPickup" value="true"/>
		</append>		
		<append xpath="/blocks/block[@name='mineHubcap']">	
		<property name="CanPickup" value="true"/>
		</append>
		<append xpath="/blocks/block[@name='mineAirFilter']">
		<property name="CanPickup" value="true"/>
		</append>		
		<append xpath="/blocks/block[@name='rScrapIronPlateMine']">	
		<property name="CanPickup" value="true"/>
		</append>		
		
</configs>
