<configs>

<append xpath="/lootcontainers/lootgroup">

<lootgroup name="schematicsModsRare">
<item name="drugAntibioticsAmoxilSchematic"/>
</lootgroup>

<lootgroup name="rareMedicine">
<item name="drugAntibioticsAmoxil" count="1,2" prob="0.03"/>
</lootgroup>


<lootgroup name="airdropMedicine">
<item name="drugAntibioticsAmoxil" count="1,2" prob="0.06"/>
</lootgroup>

<lootgroup name="labEquipment">
<item name="drugAntibioticsAmoxil" prob="0.1"/>
</lootgroup>

<lootgroup name="groupQuestMedical">
	<item name="drugAntibioticsAmoxil" count="1,2" prob="0.2"/>
</lootgroup>
</append>

</configs>