<configs>

<set xpath="/entity_classes/entity_class[@name='zombieTemplateMale']/property[@name='SightRange']/@value">150</set>
<set xpath="/entity_classes/entity_class[@name='zombieSnow']/property[@name='HandItem']/@value">meleeHandZombieStrong2</set>
<set xpath="/entity_classes/entity_class[@name='zombieFemaleFat']/property[@name='HandItem']/@value">meleeHandZombieStrong2</set>
<set xpath="/entity_classes/entity_class[@name='zombieFatCop']/property[@name='HandItem']/@value">meleeHandZombieCop2</set>
<set xpath="/entity_classes/entity_class[@name='zombieFatCopFeral']/property[@name='HandItem']/@value">meleeHandZombieCopFeral2</set>
<set xpath="/entity_classes/entity_class[@name='zombieFatCopRadiated']/property[@name='HandItem']/@value">meleeHandZombieCopRadiated2</set>
<set xpath="/entity_classes/entity_class[@name='zombieSpider']/property[@name='JumpMaxDistance']/@value">11, 16</set>
<set xpath="/entity_classes/entity_class[@name='zombieSpiderFeral']/property[@name='JumpMaxDistance']/@value">13, 19</set>

<append xpath="/entity_classes">  

	<entity_class name="zombieShadow" extends="zombieTemplateMale">
	<property name="Tags" value="entity,zombie,walker"/>	
	<property name="ReplaceMaterial0" value="materials/occludeeshadowcaster"/>	
	<property name="WalkType" value="7"/>	
	<property name="Mass" value="70"/>	
	<property name="SizeScale" value="1"/>	
	<property name="AITask-1" value="BreakBlock"/>
	<property name="AITask-2" value="RangedAttackTarget" data="itemType=1;cooldown=4;duration=8"/> <!-- type,cooldown,duration -->
	<property name="AITask-3" value="ApproachAndAttackTarget" data="class=EntityEnemyAnimal,0,EntityPlayer"/>
	<property name="AITask-4" value="ApproachSpot"/>
	<property name="AITask-5" value="Look"/>
	<property name="AITask-6" value="Wander"/>
	<property name="AITask-7" value=""/><!-- Marks end, so we don't inheirit -->		
	<property name="PainResistPerHit" value="1"/>
	<property name="JumpMaxDistance" value="8, 12"/>	
	<property name="SoundRandom" value="shadowroam"/>
	<property name="SoundAlert" value="shadowalert"/>
	<property name="SoundSense" value="shadowsense"/>
	<property name="SoundHurt" value="shadowpain"/>
	<property name="SoundDeath" value="shadowpain"/>
	<property name="SoundAttack" value="shadowattack"/>	
	<property name="HandItem" value="meleeHandZombieShadow"/>
	<property name="ExperienceGain" value="4000"/> <!-- XP strong -->
	<property name="LootDropEntityClass" value="EntityLootContainerStrong"/>
	<property name="LootDropProb" value=".2"/>	
	<effect_group name="Base Effects">	
		<passive_effect name="HealthMax" operation="base_set" value="1000"/>
		<passive_effect name="HealthMax" operation="perc_set" value="1"/> <!-- Zombie HP scale -->
	</effect_group>
</entity_class>

<entity_class name="zombieSanguis" extends="zombieTemplateMale">
	<property name="Tags" value="entity,zombie,walker"/>
	<property name="ReplaceMaterial0" value="entities/animals/vulture/materials/vulture_v2"/>
	<property name="ReplaceMaterial1" value="particleeffects/materials/p_spark_electricity"/>		
	<property name="Mesh" value="Zombies/zombieStandardLabRagdoll"/>
	<property name="WalkType" value="8"/>	
	<property name="Mass" value="70"/>	
	<property name="SizeScale" value="0.9"/>	
	<property name="AITask-1" value="Leap"/>
	<property name="AITask-2" value="BreakBlock"/>
	<property name="AITask-3" value="DestroyArea"/>
	<property name="AITask-4" value="Territorial"/>
	<property name="AITask-5" value="RangedAttackTarget" data="itemType=1;cooldown=4;duration=8"/> <!-- type,cooldown,duration -->
	<property name="AITask-6" value="ApproachDistraction"/>	
	<property name="AITask-7" value="ApproachAndAttackTarget" data="class=EntityEnemyAnimal,0,EntityPlayer"/>
	<property name="AITask-8" value="ApproachSpot"/>
	<property name="AITask-9" value="Look"/>
	<property name="AITask-10" value="Wander"/>
	<property name="AITask-11" value=""/>	
	<property name="SoundRandom" value="Enemies/Base_Zombie_Female/zombiefemaleroam"/>
	<property name="SoundAlert" value="Enemies/Base_Zombie_Female/zombiefemalealert"/>
	<property name="SoundAttack" value="Enemies/Base_Zombie_Female/zombiefemaleattack"/>
	<property name="SoundHurt" value="Enemies/Base_Zombie_Female/zombiefemalepain"/>
	<property name="SoundDeath" value="Enemies/Base_Zombie_Female/zombiefemalepain"/>
	<property name="SoundSense" value="Enemies/Base_Zombie_Female/zombiefemalesense"/>	
	<property name="PainResistPerHit" value="1"/>
	<property name="MoveSpeedAggro" value="0.9, 1.8"/> <!-- chasing a target min/max (like day or night)-->
	<property name="CanClimbVertical" value="true"/>
	<property name="JumpMaxDistance" value="12, 20"/>	
	<property name="HandItem" value="meleeHandZombieSanguis"/>
	<property name="ExperienceGain" value="4200"/> <!-- XP strong -->
	<property name="LootDropProb" value=".25"/>	
	<property name="LootDropEntityClass" value="EntityLootContainerStrong"/>	
	<effect_group name="Base Effects">	
		<passive_effect name="HealthMax" operation="base_set" value="800"/>
		<passive_effect name="HealthMax" operation="perc_set" value="1"/> <!-- Zombie HP scale -->
	</effect_group>
</entity_class>	


	<entity_class name="zombieAnesthesia" extends="zombieNurseFeral">
	<property name="Tags" value="entity,zombie,walker,feral"/>
	<property name="ReplaceMaterial0" value="entities/monsters/behemoth/materials/behemoth"/>
	<property name="ReplaceMaterial1" value="entities/zombies/materials/feral_eye"/>	
	<property name="WalkType" value="7"/>	
	<property name="Mass" value="70"/>	
	<property name="SizeScale" value="1"/>	
	<property name="AITask-1" value="BreakBlock"/>
	<property name="AITask-2" value="RangedAttackTarget" data="itemType=1;cooldown=4;duration=8"/> <!-- type,cooldown,duration -->
	<property name="AITask-3" value="ApproachAndAttackTarget" data="class=EntityEnemyAnimal,0,EntityPlayer"/>
	<property name="AITask-4" value="ApproachSpot"/>
	<property name="AITask-5" value="Look"/>
	<property name="AITask-6" value="Wander"/>
	<property name="AITask-7" value=""/><!-- Marks end, so we don't inheirit -->		
	<property name="PainResistPerHit" value="1"/>
	<property name="MoveSpeedAggro" value="0.8, 1.1"/> <!-- chasing a target min/max (like day or night)-->
	<property name="JumpMaxDistance" value="10, 15"/>		
	<property name="HandItem" value="meleeHandZombieAnesthesia"/>
	<property name="ExperienceGain" value="4000"/> <!-- XP strong -->	
	<property name="LootDropEntityClass" value="EntityLootContainerStrong"/>
	<property name="LootDropProb" value=".2"/>	
	<effect_group name="Base Effects">	
		<passive_effect name="HealthMax" operation="base_set" value="850"/>
		<passive_effect name="HealthMax" operation="perc_set" value="1"/> <!-- Zombie HP scale -->
	</effect_group>
</entity_class>

    <entity_class name="zombieFireBoss" extends="zombieTemplateMale"> 
	<property name="Tags" value="entity,zombie,walker"/>
	<property name="Mesh" value="Zombies/zombieStandardCopRagdoll"/>
	<property name="ReplaceMaterial0" value="particleeffects/materials/blood_mist_tile_02"/>		
	<property name="ReplaceMaterial1" value="particleeffects/materials/p_spark_electricity"/>		
	<property name="WalkType" value="1"/>
	<property name="SizeScale" value="1.2"/>	
	<property name="SightRange" value="150"/>	
	<property name="Mass" value="500"/>		
	<property name="AITask-1" value="BreakBlock"/>
	<property name="AITask-2" value="RangedAttackTarget" data="itemType=1;cooldown=4;duration=8"/> <!-- type,cooldown,duration -->
	<property name="AITask-3" value="ApproachAndAttackTarget" data="class=EntityEnemyAnimal,0,EntityPlayer"/>
	<property name="AITask-4" value="ApproachSpot"/>
	<property name="AITask-5" value="Look"/>
	<property name="AITask-6" value="Wander"/>
	<property name="AITask-7" value=""/><!-- Marks end, so we don't inheirit -->	
	<property name="SoundRandom" value="Enemies/Burnt_Zombie/zombieburntroam"/>
    <property name="SoundSpawn" value="Ambient_Loops/a_fire_embersmoke_sm_lp"/>
	<property name="SoundAlert" value="Enemies/Burnt_Zombie/zombieburntalert"/>
	<property name="SoundAttack" value="Enemies/Burnt_Zombie/zombieburntattack"/>
	<property name="SoundHurt" value="Enemies/Burnt_Zombie/zombieburntpain"/>
	<property name="SoundDeath" value="Enemies/Burnt_Zombie/zombieburntdeath"/>
	<property name="SoundSense" value="Enemies/Burnt_Zombie/zombieburntsense"/>
	<property name="SoundFootstepModifier" value="bear_footstep"/>

	<property name="PainResistPerHit" value="1"/>

	<!-- Gameplay -->
	<property name="HandItem" value="meleehandZombieBurningBoss"/>
	<property name="ExperienceGain" value="7500"/> <!-- XP strong -->	
	<property name="LootDropProb" value=".1"/>	
	<property name="LootDropEntityClass" value="EntityLootContainerBoss"/>
	<effect_group name="Base Effects">	
		<passive_effect name="HealthMax" operation="base_set" value="1500"/>
		<passive_effect name="HealthMax" operation="perc_set" value="1"/> <!-- Zombie HP scale -->
		<passive_effect name="PhysicalDamageResist" operation="base_set" value="30"/>		
		<passive_effect name="HealthChangeOT" operation="base_set" value="1.4"/> <!-- Boss regen, 1% -->
		<triggered_effect trigger="onSelfFirstSpawn" action="ModifyCVar" target="self" cvar="EntityBoss" operation="set" value="1"/>		
	</effect_group>
</entity_class>	 

<entity_class name="zombieGiant" extends="zombieTemplateMale">
	<property name="Tags" value="entity,zombie,walker"/>
	<property name="Mesh" value="Zombies/zombieStandardBikerRagdoll"/>
	<property name="WalkType" value="7"/>	
	<property name="JumpMaxDistance" value="10, 19"/>			
	<!-- Gameplay -->
	<property name="HandItem" value="meleeHandZombieGiant"/>
<property name="ReplaceMaterial0" value="entities/gore/materials/torso_gore"/>
<property name="ReplaceMaterial1" value="itemmodeffects/materials/bat_fire"/>
	<property name="MoveSpeedAggro" value=".4, 1.4"/>	
	<property name="SightRange" value="160"/>	
	<property name="SizeScale" value="2.15"/>	
	<property name="Mass" value="900"/>	
	<property name="Weight" value="333"/>
	<property name="SoundRandom" value="giantroam"/>
	<property name="SoundAlert" value="giantalert"/>
	<property name="SoundSense" value="giantsense"/>
	<property name="SoundHurt" value="giantpain"/>
	<property name="SoundDeath" value="giantpain"/>
	<property name="SoundAttack" value="giantattack"/>		
	<property name="SoundFootstepModifier" value="Animals/Bear/bear_footstep"/>	
	<property name="StompsSpikes" value="true"/>	
	<property name="ExperienceGain" value="19000"/> <!-- XP strong -->
	<property name="LootDropEntityClass" value="EntityLootContainerBoss"/>
	<property name="LootDropProb" value=".3"/>
	<effect_group name="Base Effects">
		<passive_effect name="HealthMax" operation="base_set" value="1900"/>
		<passive_effect name="HealthMax" operation="perc_set" value="1"/> <!-- Zombie HP scale -->
		<passive_effect name="PhysicalDamageResist" operation="base_set" value="50"/>
		<passive_effect name="HealthChangeOT" operation="base_set" value="1.4"/> <!-- Boss regen, 1% -->	
		<triggered_effect trigger="onSelfFirstSpawn" action="ModifyCVar" target="self" cvar="EntityBoss" operation="set" value="1"/>		
	</effect_group>
</entity_class>	

<entity_class name="zombieMoePuker" extends="zombieTemplateMale">  
	<property name="Tags" value="entity,zombie,walker"/>
	<property name="Mesh" value="Zombies/zombieStandardMoeRagdoll"/>
	<property name="AvatarController" value="AvatarZombie01Controller"/>
	<property name="ModelType" value="Standard"/>	
	<property name="ReplaceMaterial0" value="particleeffects/models/materials/p_dirt"/>	
	<property name="WalkType" value="1"/>
	<property name="Class" value="EntityZombieCop"/>	
	<property name="RightHandJointName" value="Jaw"/>	
	<property name="Mass" value="210"/>
	<property name="Weight" value="70"/>
	<property name="PushFactor" value="20"/>	
	<property name="AITask-1" value="BreakBlock"/>
	<property name="AITask-2" value="RangedAttackTarget" data="itemType=1;cooldown=4;duration=8"/> <!-- type,cooldown,duration -->
	<property name="AITask-3" value="ApproachAndAttackTarget" data="class=EntityEnemyAnimal,0,EntityPlayer"/>
	<property name="AITask-4" value="ApproachSpot"/>
	<property name="AITask-5" value="Look"/>
	<property name="AITask-6" value="Wander"/>
	<property name="AITask-7" value=""/><!-- Marks end, so we don't inheirit -->	
	<property name="RootMotion" value="true"/>
	<property name="HasDeathAnim" value="true"/>
	<property name="TintMaterial2" value="41,38,34"/>
	<property name="SoundRandom" value="Enemies/Base_Zombie_Male2/zombiemale2roam"/>
	<property name="SoundAlert" value="Enemies/Base_Zombie_Male2/zombiemale2alert"/>
	<property name="SoundSense" value="Enemies/Base_Zombie_Male2/zombiemale2sense"/>
	<property name="SoundHurt" value="Enemies/Base_Zombie_Male2/zombiemale2pain"/>
	<property name="SoundDeath" value="Enemies/Base_Zombie_Male2/zombiemale2death"/>
	<property name="SoundAttack" value="Enemies/Base_Zombie_Male2/zombiemale2attack"/>

	<!-- Gameplay -->
	<property name="HandItem" value="meleehandZombieMoePuker" />
	<property name="Explosion.ParticleIndex" value="3"/>
	<property name="Explosion.RadiusBlocks" value="4"/>
	<property name="Explosion.RadiusEntities" value="4"/>
	<property name="Explosion.BlockDamage" value="555"/>
	<property name="Explosion.EntityDamage" value="80"/>
	<property name="Explosion.DamageBonus.earth" value="555"/>	
	<property name="JumpMaxDistance" value="1.1, 1.8"/>
	<property name="ExperienceGain" value="1005"/> <!-- XP strong -->

	<effect_group name="Base Effects">
		<passive_effect name="HealthMax" operation="base_set" value="600"/>
		<passive_effect name="HealthMax" operation="perc_set" value="1"/> <!-- Zombie HP scale -->
	</effect_group>
</entity_class>		

<entity_class name="zombieMoePukerFeral" extends="zombieMoePuker">  
	<property name="Tags" value="entity,zombie,walker,feral"/>
	<property name="ReplaceMaterial0" value="particleeffects/models/materials/p_dirt"/>		
	<property name="ReplaceMaterial1" value="entities/zombies/materials/feral_eye"/>

	<!-- Gameplay -->
	<property name="Explosion.ParticleIndex" value="3"/>
	<property name="Explosion.RadiusBlocks" value="6"/>
	<property name="Explosion.RadiusEntities" value="6"/>
	<property name="Explosion.BlockDamage" value="400"/>
	<property name="Explosion.EntityDamage" value="130"/>
	<property name="Explosion.DamageBonus.earth" value="600"/>	
	<property name="JumpMaxDistance" value="4, 8"/>
	<property name="MoveSpeedAggro" value=".3, 1.25"/>

	<property name="HandItem" value="meleeHandZombieFeralMoePuker"/>

	<property name="ExperienceGain" value="1800"/> <!-- XP strong feral -->
	<property name="LootDropProb" value=".04"/> <!-- Feral -->
	<property name="LootDropEntityClass" value="EntityLootContainerStrong"/>
	<effect_group name="Base Effects">
	 <passive_effect name="HealthMax" operation="base_set" value="750"/>
	 <passive_effect name="HealthMax" operation="perc_set" value="1"/> <!-- Zombie HP scale -->
	 <passive_effect name="EntityDamage" operation="perc_add" value="0"/> <!-- Feral damage -->
	</effect_group>		
</entity_class> 

<!-- custom zombieMoePukerRadiated -->
<entity_class name="zombieMoePukerRadiated" extends="zombieMoePukerFeral">
	<property name="Tags" value="entity,zombie,walker,feral,radiated"/>
	<property name="ReplaceMaterial0" value="entities/zombies/materials/moe_radiated"/>
	<!--<property name="ParticleOnSpawn" value="ParticleEffects/RadiatedParticlesOnMesh" data="SetShapeToMesh0"/>-->
	<!-- Gameplay -->
	<property name="ExperienceGain" value="1850"/> <!-- XP strong radiated -->
	<property name="LootDropProb" value="0.06"/> <!-- Radiated -->
	<effect_group name="Base Effects">
		<passive_effect name="HealthMax" operation="base_set" value="1000"/>
		<passive_effect name="HealthMax" operation="perc_set" value="1"/> <!-- Zombie HP scale -->
		<passive_effect name="EntityDamage" operation="perc_add" value="0"/> <!-- Feral damage -->
		<triggered_effect trigger="onOtherDamagedSelf" action="ModifyCVar" target="self" cvar="RadiatedRegenAmount" operation="set" value="4"/>
		<triggered_effect trigger="onOtherDamagedSelf" action="AddBuff" target="self" buff="buffRadiatedRegen"/>
	</effect_group>
</entity_class>
	
<entity_class name="zombieBurningMan" extends="zombieTemplateMale">
	<property name="Tags" value="entity,zombie,walker"/>		
	<property name="Mesh" value="Zombies/ZombieStandardBurntRagdoll"/>
	<property name="ReplaceMaterial0" value="entities/lighting/torch_wall_holder"/>	
	<property name="WalkType" value="7"/>
	<property name="Mass" value="160"/>
	<property name="AITask-1" value="BreakBlock"/>
	<property name="AITask-2" value="RangedAttackTarget" data="itemType=1;cooldown=4;duration=8"/><!-- type,cooldown,duration -->
	<property name="AITask-3" value="ApproachAndAttackTarget" data="class=EntityEnemyAnimal,0,EntityPlayer"/>
	<property name="AITask-4" value="ApproachSpot"/>
	<property name="AITask-5" value="Look"/>
	<property name="AITask-6" value="Wander"/>
	<property name="AITask-7" value=""/><!-- Marks end, so we don't inheirit -->	
	<property name="SoundRandom" value="Enemies/Burnt_Zombie/zombieburntroam"/>
  <property name="SoundSpawn" value="Ambient_Loops/a_fire_embersmoke_sm_lp"/>
	<property name="SoundAlert" value="Enemies/Burnt_Zombie/zombieburntalert"/>
	<property name="SoundAttack" value="Enemies/Burnt_Zombie/zombieburntattack"/>
	<property name="SoundHurt" value="Enemies/Burnt_Zombie/zombieburntpain"/>
	<property name="SoundDeath" value="Enemies/Burnt_Zombie/zombieburntdeath"/>
	<property name="SoundSense" value="Enemies/Burnt_Zombie/zombieburntsense"/>
	<property name="SoundFootstepModifier" value="Enemies/Burnt_Zombie/zombieburntfootstep"/>

	<property name="PainResistPerHit" value="1"/>

	<!-- Gameplay -->
	<property name="HandItem" value="meleehandZombieBurningMan"/>
	<property name="HandItemCrawler" value="meleeHandZombieBurningCrawler"/> <!-- override the default replacement of meleeHandZombie02 with a specific hand item -->	
	<effect_group name="Base Effects">		
		<passive_effect name="HealthMax" operation="base_set" value="333"/>
		<passive_effect name="HealthMax" operation="perc_set" value="1"/> <!-- Zombie HP scale -->
	</effect_group>
</entity_class>

<entity_class name="zombieBlazingMan" extends="zombieTemplateMale">
	<property name="Tags" value="entity,zombie,walker"/>		
	<property name="Mesh" value="Zombies/ZombieStandardBurntRagdoll"/>
	<property name="ReplaceMaterial0" value="itemmodeffects/materials/bat_fire"/> 	
	<property name="WalkType" value="7"/>
	<property name="Mass" value="160"/>
	<property name="AITask-1" value="BreakBlock"/>
	<property name="AITask-2" value="RangedAttackTarget" data="itemType=1;cooldown=4;duration=8"/><!-- type,cooldown,duration -->
	<property name="AITask-3" value="ApproachAndAttackTarget" data="class=EntityEnemyAnimal,0,EntityPlayer"/>
	<property name="AITask-4" value="ApproachSpot"/>
	<property name="AITask-5" value="Look"/>
	<property name="AITask-6" value="Wander"/>
	<property name="AITask-7" value=""/><!-- Marks end, so we don't inheirit -->	
	<property name="SoundRandom" value="Enemies/Burnt_Zombie/zombieburntroam"/>
  <property name="SoundSpawn" value="Ambient_Loops/a_fire_embersmoke_sm_lp"/>
	<property name="SoundAlert" value="Enemies/Burnt_Zombie/zombieburntalert"/>
	<property name="SoundAttack" value="Enemies/Burnt_Zombie/zombieburntattack"/>
	<property name="SoundHurt" value="Enemies/Burnt_Zombie/zombieburntpain"/>
	<property name="SoundDeath" value="Enemies/Burnt_Zombie/zombieburntdeath"/>
	<property name="SoundSense" value="Enemies/Burnt_Zombie/zombieburntsense"/>
	<property name="SoundFootstepModifier" value="Enemies/Burnt_Zombie/zombieburntfootstep"/>

	<property name="PainResistPerHit" value="1"/>

	<!-- Gameplay -->
	<property name="HandItem" value="meleehandZombieBlazingMan"/>
	<property name="HandItemCrawler" value="meleeHandZombieBurningCrawler"/> <!-- override the default replacement of meleeHandZombie02 with a specific hand item -->	
	<property name="ExperienceGain" value="4100"/> 	
	<property name="LootDropEntityClass" value="EntityLootContainerStrong"/>	
	<property name="LootDropProb" value=".18"/>		
	<effect_group name="Base Effects">		
		<passive_effect name="HealthMax" operation="base_set" value="850"/>
		<passive_effect name="HealthMax" operation="perc_set" value="1"/> <!-- Zombie HP scale -->		
	</effect_group>
</entity_class>		

<entity_class name="zombieScreamerBoss" extends="zombieTemplateMale">  
    <property name="SizeScale" value="1.1"/>	
    <property name="Tags" value="entity,zombie,walker"/>
    <property name="Mesh" value="Zombies/zombieStandardScreamerRagdoll"/>
	<property name="ReplaceMaterial0" value="particleeffects/models/materials/p_glass"/>
	<property name="ReplaceMaterial1" value="entities/zombies/materials/feral_eye"/>	
	<property name="AITask-1" value="BreakBlock"/>
	<property name="AITask-2" value="RangedAttackTarget" data="itemType=1;cooldown=4;duration=8"/> <!-- type,cooldown,duration -->
	<property name="AITask-3" value="ApproachAndAttackTarget" data="class=EntityEnemyAnimal,0,EntityPlayer"/>
	<property name="AITask-4" value="ApproachSpot"/>
	<property name="AITask-5" value="Look"/>
	<property name="AITask-6" value="Wander"/>
	<property name="AITask-7" value=""/><!-- Marks end, so we don't inheirit -->	
	<property name="SoundRandom" value="Enemies/Base_Zombie_Female/zombiefemalescoutroam"/>
	<property name="SoundAlert" value="Enemies/Scout_Zombie/zombiefemalescoutalert"/>
	<property name="SoundAttack" value="Enemies/Base_Zombie_Female/zombiefemalescoutattack"/>
	<property name="SoundHurt" value="Enemies/Base_Zombie_Female/zombiefemalescoutpain"/>
	<property name="SoundDeath" value="Enemies/Base_Zombie_Female/zombiefemalescoutdeath"/>
	<property name="SoundSense" value="Enemies/Base_Zombie_Female/zombiefemalescoutsense"/>		
	<property name="AvatarController" value="AvatarZombie01Controller"/>
	<property name="ModelType" value="Standard"/>
	<property name="WalkType" value="3"/>
	<property name="Mass" value="110"/>
	<property name="RootMotion" value="true"/>
	<property name="HasDeathAnim" value="true"/>
	<property name="AIPathCostScale" value=".3, .1"/>

	<!-- Gameplay -->
	<property name="HandItem" value="meleeHandZombieScreamerBoss"/>
	<property name="JumpMaxDistance" value="8, 16"/>	
	<property name="ExperienceGain" value="6500"/> <!-- XP grunt feral -->	
	<property name="LootDropEntityClass" value="EntityLootContainerBoss"/>	
	<property name="LootDropProb" value=".2"/> 	

	<effect_group name="Base Effects">
		<passive_effect name="HealthMax" operation="base_set" value="2400"/>
		<passive_effect name="PhysicalDamageResist" operation="base_set" value="20"/>			
		<passive_effect name="HealthMax" operation="perc_set" value="1"/> <!-- Zombie HP scale -->
		<passive_effect name="HealthChangeOT" operation="base_set" value="1.4"/> <!-- Boss regen, 1% -->
		<triggered_effect trigger="onSelfFirstSpawn" action="ModifyCVar" target="self" cvar="EntityBoss" operation="set" value="1"/>		
	</effect_group>
</entity_class>	

<entity_class name="animalZombiePup" extends="animalZombieDog">
	<property name="Tags" value="entity,animal,hostile"/>
	<property name="SizeScale" value="0.66"/>	
	<property name="Mass" value="65"/>		
	<property name="Prefab" value="/Entities/Animals/Wolf/animalStandardDogZombieRagdoll"/>
	<property name="ReplaceMaterial0" value="particleeffects/models/materials/p_dirt"/>		
	<property name="Class" value="EntityZombieDog"/>
	<property name="SoundRandomTime" value="45.0"/>
	<property name="SoundAlertTime" value="25.0"/>
	<property name="SoundRandom" value="Enemies/Zombie_Dogs/zombiedogroam"/>
	<property name="SoundAlert" value="Enemies/Zombie_Dogs/zombiedogalert"/>
	<property name="SoundHurt" value="Enemies/Zombie_Dogs/zombiedogpain"/>
	<property name="SoundDeath" value="Enemies/Zombie_Dogs/zombiedogdeath"/>
	<property name="SoundAttack" value="Enemies/Zombie_Dogs/zombiedogattack"/>
	<property name="SoundSense" value="Enemies/Zombie_Dogs/zombiedogsense"/>
	<property name="SoundGiveUp" value="Enemies/Zombie_Dogs/zombiedoggiveup"/>	
	<property name="SightRange" value="70"/>	
	<!-- Gameplay -->
	<property name="HandItem" value="meleeHandAnimalPup"/>
	<property name="MoveSpeed" value="6"/>
	<property name="MoveSpeedAggro" value="6, 8"/>
	<property name="MoveSpeedPanic" value="8"/>	

	<property name="ExperienceGain" value="300"/> <!-- XP strong -->
	<property name="DeadBodyHitPoints" value="250"/>
	<drop event="Harvest" name="foodRawMeat" count="0" tool_category="Butcher"/>
	<drop event="Harvest" name="foodRawMeat" tag="butcherHarvest" count="15"/> <!-- animalDireWolf -->
	<drop event="Harvest" name="resourceLeather" tag="butcherHarvest" count="6"/>
	<drop event="Harvest" name="resourceAnimalFat" tag="butcherHarvest" count="3"/>
	<drop event="Harvest" name="resourceFemur" tag="butcherHarvest" count="1"/>
	<drop event="Harvest" name="resourceFemur" tag="allToolsHarvest" count="1"/>

	<effect_group name="Base Effects">
		<passive_effect name="HealthMax" operation="base_set" value="140"/>
		<passive_effect name="HealthMax" operation="perc_add" value="0"/> <!-- Animal HP scale -->
	</effect_group>
</entity_class>

<entity_class name="zombieShocker" extends="zombieTemplateMale">
	<property name="Tags" value="entity,zombie,walker"/>
	<property name="ReplaceMaterial0" value="particleeffects/models/materials/electrical_arc"/>	
	<property name="ReplaceMaterial1" value="particleeffects/materials/p_spark_electricity"/>		
	<property name="Mesh" value="Zombies/zombieStandardFeralRagdoll"/> 
	<property name="WalkType" value="5"/>
	<property name="AITask-1" value="BreakBlock"/>
	<property name="AITask-2" value="RangedAttackTarget" data="itemType=1;cooldown=4;duration=8"/> <!-- type,cooldown,duration -->
	<property name="AITask-3" value="ApproachAndAttackTarget" data="class=EntityEnemyAnimal,0,EntityPlayer"/>
	<property name="AITask-4" value="ApproachSpot"/>
	<property name="AITask-5" value="Look"/>
	<property name="AITask-6" value="Wander"/>
	<property name="AITask-7" value=""/><!-- Marks end, so we don't inheirit -->
	<property name="JumpMaxDistance" value="8, 12"/>		
		<property name="ExperienceGain" value="4000"/>
	<property name="HandItem" value="meleehandZombieShocker"/>
	<property name="LootDropEntityClass" value="EntityLootContainerStrong"/>
	<property name="LootDropProb" value=".18"/>		
	<effect_group name="Base Effects">		
		<passive_effect name="HealthMax" operation="base_set" value="1100"/>
		<passive_effect name="HealthMax" operation="perc_set" value="1"/> <!-- Zombie HP scale -->
	</effect_group>
</entity_class>

<entity_class name="animalAnaconda" extends="animalSnake">
	<property name="Tags" value="entity,animal,hostile"/>
	<property name="EntityType" value="Animal"/>
	<property name="Class" value="EntityAnimalSnake"/>
	<property name="Parent" value="Enemies"/>
	<property name="PhysicsBody" value="snake"/>
	<property name="SizeScale" value="4.8"/>	
	<property name="ReplaceMaterial0" value="entities/animals/boar/materials/grace"/>	
	<property name="Mass" value="1000"/>
	<property name="Weight" value="700"/>
	<property name="SoundHurt" value="anacondapain"/>
	<property name="SoundDeath" value=""/>
	<property name="SoundRandom" value="anacondaroam"/>
	<property name="SoundSense" value="anacondasense"/>
	<property name="SoundAlert" value="anacondaalert"/>
	<property name="SoundAttack" value="anacondaattack"/>
	<property name="RootMotion" value="true"/>
	<property name="HasDeathAnim" value="true"/>

	<property class="MechanimAttackTriggers">
		<property name="state0" value="AttackTrigger"/>
	</property>
	<property class="MechanimAttackStates">
		<property name="state0" value="attack"/>
	</property>
	<property class="MechanimDeathTriggers">
		<property name="state0" value="DeathTrigger"/>
	</property>

	<!-- Gameplay -->
	<property name="MaxTurnSpeed" value="100"/>
	<property name="MoveSpeed" value="0.15"/>
	<property name="MoveSpeedAggro" value=".22, .35"/>
	<property name="MoveSpeedPanic" value="0.4"/>
	<property name="SightRange" value="150"/>		

	<property name="HandItem" value="meleeHandAnimalAnaconda"/>
	<property name="AttackTimeoutDay" value="1.3"/>
	<property name="AttackTimeoutNight" value="1.1"/>

	<property name="ExperienceGain" value="4900"/>
	<property name="DeadBodyHitPoints" value="370"/>
	<drop event="Harvest" name="foodRawMeat" count="0" tool_category="Butcher"/>
	<drop event="Harvest" name="foodRawMeat" tag="butcherHarvest" count="80"/> <!-- animalSnake -->
	<drop event="Harvest" name="resourceLeather" tag="butcherHarvest" count="40"/>

	<effect_group name="Base Effects">
		<passive_effect name="HealthMax" operation="base_set" value="1100"/>
		<passive_effect name="HealthMax" operation="perc_add" value="0"/> <!-- Animal HP scale -->
	</effect_group>
</entity_class>

<entity_class name="animalZombieFly" extends="animalZombieVulture">
	<property name="Tags" value="entity,animal,zombie,hostile"/>	
	<property name="Radiated" value=""/>
	<property name="SizeScale" value="0.04"/>
	<property name="SightRange" value="180"/>	
	<property name="ReplaceMaterial0" value="particleeffects/blood"/>	
	<property name="SoundRandom" value="animalflyrandom"/>
	<property name="SoundAlert" value="animalflyalert"/>
	<property name="SoundHurt" value="animalflypain"/>
	<property name="SoundDeath" value="animalflypain"/>
	<property name="SoundAttack" value="animalflyattack"/>
	<property name="SoundSense" value="animalflysense"/>
	<property name="SoundGiveUp" value="animalflygiveup"/>

	<property name="MoveSpeed" value="1.1"/>
	<property name="MoveSpeedAggro" value="1.2, 1.1"/>
	<property name="MaxTurnSpeed" value="150"/>
	<property name="HandItem" value="meleeHandAnimalFly"/>	
	
	<property name="ExperienceGain" value="500"/> 
	<property name="DeadBodyHitPoints" value="80"/>

	<effect_group name="Base Effects">
		<passive_effect name="HealthMax" operation="base_set" value="3"/>
		<passive_effect name="HealthMax" operation="perc_set" value="1"/> 
	</effect_group>
</entity_class>

<entity_class name="animalGoldenPhoenix" extends="animalZombieVultureRadiated">
	<property name="Tags" value="entity,animal,zombie,hostile,radiated"/>
	<property name="Radiated" value=""/>
	<property name="SizeScale" value="2.1"/>
	<property name="SightRange" value="180"/>	
	<property name="ReplaceMaterial0" value="particleeffects/models/materials/gibskull"/>		

	<property name="MoveSpeed" value=".8"/>
	<property name="MoveSpeedAggro" value="1.3, 1.7"/>
	<property name="MaxTurnSpeed" value="150"/>
	<property name="HandItem" value="meleeHandAnimalGoldenPhoenix"/>	
	
	<property name="ExperienceGain" value="5900"/> <!-- XP grunt radiated -->
	<property name="DeadBodyHitPoints" value="360"/>
	<drop event="Harvest" name="foodRawMeat" count="0" tool_category="Butcher"/>
	<drop event="Harvest" name="foodRottingFlesh" tag="butcherHarvest" count="40"/> <!-- animalZombieVulture -->
	<drop event="Harvest" name="resourceFeather" tag="butcherHarvest" count="100"/>	

	<effect_group name="Base Effects">
		<passive_effect name="HealthMax" operation="base_set" value="1200"/>
		<passive_effect name="HealthMax" operation="perc_set" value="1"/> <!-- Zombie HP scale -->
		<passive_effect name="EntityDamage" operation="perc_add" value=".1"/> <!-- Feral damage -->
		<triggered_effect trigger="onOtherDamagedSelf" action="ModifyCVar" target="self" cvar="RadiatedRegenAmount" operation="set" value="2"/>
		<triggered_effect trigger="onOtherDamagedSelf" action="AddBuff" target="self" buff="buffRadiatedRegen"/>
	</effect_group>
</entity_class>

<entity_class name="animalChickenDemon" extends="animalTemplateHostile">
	<property name="Tags" value="entity,animal,zombie,hostile"/>
	<property name="Mesh" value="Animals/CHICKEN/chickenPrefab"/>
	<property name="ReplaceMaterial0" value="entities/monsters/behemoth/materials/behemoth"/>
	<property name="Class" value="EntityEnemyAnimal"/>
	<property name="IsEntityAnimal" value="true"/>	
	<property name="IsEnemyEntity" value="True"/>	
	<property name="Parent" value="Animals"/>
	<property name="SizeScale" value="3"/>	
	<property name="PhysicsBody" value="chicken"/>
	<property name="AITask-1" value="BreakBlock"/>
	<property name="AITask-2" value="Territorial"/>
	<property name="AITask-3" value="ApproachAndAttackTarget" data="class=EntityPlayer,20,EntityNPC,20"/>
	<property name="AITask-4" value="ApproachSpot"/>
	<property name="AITask-5" value="Look"/>
	<property name="AITask-6" value="Wander"/>
	<property name="AITask-7" value=""/>
	<property name="AITarget-1" value="SetAsTargetIfHurt" data="class=EntityNPC,EntityPlayer"/>
	<property name="AITarget-2" value="BlockingTargetTask"/>
	<property name="AITarget-3" value="SetNearestCorpseAsTarget" data="class=EntityPlayer"/>
	<property name="AITarget-4" value="SetNearestEntityAsTarget" data="class=EntityPlayer,20,0,EntityNPC,0,0"/>
	<property name="AITarget-5" value=""/>
	<property name="Mass" value="40"/>
	<property name="Weight" value="40"/>
	<property name="SoundHurt" value="Animals/Chicken/chickenpain"/>
	<property name="SoundDeath" value="Animals/Chicken/chickendeath"/>
	<property name="SwimOffset" value="2"/>
	<property name="HasRagdoll" value="false"/>
	<property name="HasDeathAnim" value="false"/>

	<!-- Gameplay -->
	<property name="SightRange" value="150"/>		

	<property name="HandItem" value="meleeHandAnimalChickenDemon"/>
	<property name="AttackTimeoutDay" value="1.3"/>
	<property name="AttackTimeoutNight" value="1.1"/>
	<property name="MaxTurnSpeed" value="100"/>
	<property name="MoveSpeed" value="1.3"/>
	<property name="MoveSpeedAggro" value="1.9, 2.7"/>
	<property name="MoveSpeedPanic" value="2.3"/>
	<property name="ExperienceGain" value="3100"/>
	<property name="DeadBodyHitPoints" value="275"/>
	<drop event="Harvest" name="foodRawMeat" count="0" tool_category="Butcher"/>
	<drop event="Harvest" name="foodRottingFlesh" tag="butcherHarvest" count="25"/> <!-- animalChicken -->
	<drop event="Harvest" name="resourceFeather" tag="butcherHarvest" count="50"/>
	<drop event="Harvest" name="resourceBone" tag="butcherHarvest" count="9"/>
	<drop event="Harvest" name="resourceBone" tag="allToolsHarvest" count="4"/>
	<drop event="Harvest" name="foodRottingFlesh" count="1" tag="WasteTreasuresCompleteHarvest"/>
	<drop event="Harvest" name="resourceLeather" count="1" tag="WasteTreasuresCompleteHarvest"/>
	<drop event="Harvest" name="resourceBone" count="1" tag="WasteTreasuresCompleteHarvest"/>
	<effect_group name="Base Effects">
		<passive_effect name="HealthMax" operation="base_set" value="850"/>
		<passive_effect name="HealthMax" operation="perc_add" value="0"/> <!-- Animal HP scale -->
	</effect_group>
</entity_class>

<entity_class name="zombieGunner" extends="zombieTemplateMale">
	<property name="Tags" value="entity,zombie,walker"/>
	<property name="Mesh" value="Zombies/zombieStandardDemolitionRagdoll"/>
<property name="ReplaceMaterial0" value="entities/doors/materials/steel_door_2"/> 	
	<property name="ReplaceMaterial1" value="particleeffects/materials/p_spark_electricity"/>
	<property name="WalkType" value="7"/>
	<property name="Mass" value="380"/>		
	<property name="AITask-1" value="BreakBlock"/>
	<property name="AITask-2" value="RangedAttackTarget" data="itemType=1;cooldown=4;duration=25"/><!-- type,cooldown,duration -->
	<property name="AITask-3" value="ApproachAndAttackTarget" data="class=EntityEnemyAnimal,0,EntityPlayer"/>
	<property name="AITask-4" value="ApproachSpot"/>
	<property name="AITask-5" value="Look"/>
	<property name="AITask-6" value="Wander"/>
	<property name="AITask-7" value=""/><!-- Marks end, so we don't inheirit -->	
	<property name="SoundRandom" value="gunnerroam"/>
	<property name="SoundAlert" value="gunneralert"/>
	<property name="SoundSense" value="gunnerattack"/>
	<property name="SoundHurt" value="gunnerpain"/>
	<property name="SoundDeath" value="gunnerpain"/>
	<property name="SoundAttack" value="gunnerattack"/>	
	<property name="SoundFootstepModifier" value="bear_footstep"/>	
	<property name="StompsSpikes" value="true"/>	

	<property name="PainResistPerHit" value="1"/>

	<property name="HandItem" value="meleehandZombieGunner"/>
	<property name="ExperienceGain" value="6000"/> <!-- XP strong -->	
	<property name="LootDropEntityClass" value="EntityLootContainerBoss"/>
	<property name="LootDropProb" value=".2"/> 	
	<effect_group name="Base Effects">	
		<passive_effect name="HealthMax" operation="base_set" value="1300"/>
		<passive_effect name="HealthMax" operation="perc_set" value="1"/> <!-- Zombie HP scale -->
		<passive_effect name="PhysicalDamageResist" operation="base_set" value="55"/>
		<passive_effect name="HealthChangeOT" operation="base_set" value="1.4"/> <!-- Boss regen, 1% -->
		<triggered_effect trigger="onSelfFirstSpawn" action="ModifyCVar" target="self" cvar="EntityBoss" operation="set" value="1"/>		
	</effect_group>
</entity_class>

<entity_class name="zombieSpectre" extends="zombieTemplateMale">
	<property name="Tags" value="entity,zombie,walker"/>
	<property name="Mesh" value="Zombies/zombieStandardFeralRagdoll"/> 	
	<property name="ReplaceMaterial0" value="particleeffects/models/materials/p_fiber"/>
	<property name="SizeScale" value="0.7"/>	
	<property name="SoundRandom" value=""/>
	<property name="SoundAlert" value=""/>
	<property name="SoundAttack" value=""/>
	<property name="SoundHurt" value=""/>
	<property name="SoundDeath" value=""/>
	<property name="SoundSense" value=""/>
	<property name="SoundFootstepModifier" value=""/>
	<property name="WalkType" value="2"/>	
	<property name="Mass" value="50"/>

	<property name="DismemberMultiplierHead" value=".23"/>
	<property name="DismemberMultiplierArms" value=".23"/>
	<property name="DismemberMultiplierLegs" value=".23"/>
	<property name="PainResistPerHit" value=".15"/>

	<!-- Gameplay -->
	<property name="MoveSpeed" value="0.1"/>
	<property name="MoveSpeedAggro" value="0.3, 1.0"/>	
	<property name="HandItem" value="meleeHandZombieFootballPlayer"/>
	<property name="JumpMaxDistance" value="9, 16"/>

	<property name="ExperienceGain" value="900"/> 
	<property name="LootDropProb" value=".07"/> 
	<property name="LootDropEntityClass" value="EntityLootContainerStrong"/>

	<effect_group name="Base Effects">
		<passive_effect name="DistractionResistance" operation="base_set" value="0,0"/>
		<passive_effect name="HealthMax" operation="base_set" value="150"/>
		<passive_effect name="HealthMax" operation="perc_set" value="1"/> 
		<passive_effect name="EntityDamage" operation="perc_add" value="0"/> 	
	</effect_group>
</entity_class>

<entity_class name="zombieFireElf" extends="zombieTemplateMale">
	<property name="Tags" value="entity,zombie,walker"/>
	<property name="Mesh" value="Zombies/ZombieStandardBurntRagdoll"/>
	<property name="ReplaceMaterial0" value="particleeffects/models/materials/p_gib"/>	
	<property name="WalkType" value="7"/>		
	<property name="Mass" value="50"/>	
	<property name="SizeScale" value="1.1"/>	
	<property name="AITask-1" value="BreakBlock"/>
	<property name="AITask-2" value="RangedAttackTarget" data="itemType=1;cooldown=4;duration=12"/><!-- type,cooldown,duration -->
	<property name="AITask-3" value="ApproachAndAttackTarget" data="class=EntityEnemyAnimal,0,EntityPlayer"/>
	<property name="AITask-4" value="ApproachSpot"/>
	<property name="AITask-5" value="Look"/>
	<property name="AITask-6" value="Wander"/>
	<property name="AITask-7" value=""/><!-- Marks end, so we don't inheirit -->	
	<property name="LootDropEntityClass" value="EntityLootContainerStrong"/>	
	<property name="LootDropProb" value=".25"/>	

	<property name="PainResistPerHit" value="1"/>

	<property name="HandItem" value="meleehandZombieElf"/>
	<property name="ExperienceGain" value="3800"/> <!-- XP strong -->	
	<effect_group name="Base Effects">	
		<passive_effect name="HealthMax" operation="base_set" value="1300"/>
		<passive_effect name="HealthMax" operation="perc_set" value="1"/> <!-- Zombie HP scale -->	
	</effect_group>
</entity_class>

<entity_class name="zombieAquaZed" extends="zombieTemplateMale">  
	<property name="Tags" value="entity,zombie,walker"/>
	<property name="Mesh" value="Zombies/zombieStandardStripperRagdoll"/>
	<property name="AvatarController" value="AvatarZombie01Controller"/>
	<property name="ModelType" value="Standard"/>	
	<property name="ReplaceMaterial0" value="materials/waterinbucket"/>
	<property name="SizeScale" value="0.9"/>	
	<property name="WalkType" value="7"/>
	<property name="Mass" value="40"/>
	<property name="Weight" value="20"/>
	<property name="PushFactor" value="20"/>	
	<property name="AITask-1" value="BreakBlock"/>
	<property name="AITask-2" value="RangedAttackTarget" data="itemType=1;cooldown=4;duration=6"/> <!-- type,cooldown,duration -->
	<property name="AITask-3" value="ApproachAndAttackTarget" data="class=EntityEnemyAnimal,0,EntityPlayer"/>
	<property name="AITask-4" value="ApproachSpot"/>
	<property name="AITask-5" value="Look"/>
	<property name="AITask-6" value="Wander"/>
	<property name="AITask-7" value=""/><!-- Marks end, so we don't inheirit -->	
	<property name="RootMotion" value="true"/>
	<property name="HasDeathAnim" value="true"/>
	<property name="TintMaterial2" value="41,38,34"/>
	<property name="SoundRandom" value="Enemies/Base_Zombie_Female/zombiefemaleroam"/>
	<property name="SoundAlert" value="Enemies/Base_Zombie_Female/zombiefemalealert"/>
	<property name="SoundSense" value="Enemies/Base_Zombie_Male2/zombiemale2sense"/>
	<property name="SoundHurt" value="Player_Female/player2painlg"/>
	<property name="SoundDeath" value="Player_Female/player2death"/>
	<property name="SoundAttack" value="Enemies/Base_Zombie_Female/zombiefemaleattack"/>

	<!-- Gameplay -->
	<property name="HandItem" value="meleehandZombieAqua" />	
	<property name="JumpMaxDistance" value="1.1, 8"/>
	<property name="ExperienceGain" value="3300"/> <!-- XP strong -->
	<property name="LootDropEntityClass" value="EntityLootContainerStrong"/>
	<property name="LootDropProb" value=".17"/>	

	<effect_group name="Base Effects">
		<passive_effect name="HealthMax" operation="base_set" value="999"/>
		<passive_effect name="HealthMax" operation="perc_set" value="1"/> <!-- Zombie HP scale -->
	</effect_group>
</entity_class>	

<entity_class name="zombieMummy" extends="zombieTemplateMale">
	<property name="Tags" value="entity,zombie,walker"/>
	<property name="Mesh" value="Zombies/zombieStandardFeralRagdoll"/> 	
	<property name="ReplaceMaterial0" value="particleeffects/models/materials/p_wood"/>
	<property name="ReplaceMaterial1" value="itemmodeffects/materials/melee_fire"/>		
	<property name="SizeScale" value="1.1"/>
	<property name="AITask-1" value="BreakBlock"/>
	<property name="AITask-2" value="Territorial"/>
	<property name="AITask-3" value="ApproachAndAttackTarget" data="class=EntityPlayer,20,EntityNPC,20"/>
	<property name="AITask-4" value="ApproachSpot"/>
	<property name="AITask-5" value="Look"/>
	<property name="AITask-6" value="Wander"/>
	<property name="AITask-7" value=""/>
	<property name="AITarget-1" value="SetAsTargetIfHurt" data="class=EntityNPC,EntityPlayer"/>
	<property name="AITarget-2" value="BlockingTargetTask"/>
	<property name="AITarget-3" value="SetNearestCorpseAsTarget" data="class=EntityPlayer"/>
	<property name="AITarget-4" value="SetNearestEntityAsTarget" data="class=EntityPlayer,20,0,EntityNPC,0,0"/>
	<property name="AITarget-5" value=""/>	
	<property name="SoundRandom" value="mummyroam"/>
	<property name="SoundAlert" value="mummyalert"/>
	<property name="SoundAttack" value="mummyattack"/>
	<property name="SoundHurt" value="mummypain"/>
	<property name="SoundDeath" value="mummypain"/>
	<property name="SoundSense" value="mummysense"/>
	<property name="SoundFootstepModifier" value="Animals/Bear/bear_footstep"/>	
	<property name="WalkType" value="2"/>	
	<property name="Mass" value="900"/>

	<!-- Gameplay -->
	<property name="MoveSpeed" value="0.04"/>
	<property name="MoveSpeedAggro" value="0.09, 0.15"/>	
	<property name="HandItem" value="meleeHandZombieMummy"/>
	<property name="JumpMaxDistance" value="9, 16"/>

	<property name="ExperienceGain" value="3900"/> 
	<property name="LootDropProb" value=".1"/>		
	<property name="LootDropEntityClass" value="EntityLootContainerStrong"/>

	<effect_group name="Base Effects">
		<passive_effect name="DistractionResistance" operation="base_set" value="0,0"/>
		<passive_effect name="HealthMax" operation="base_set" value="1000"/>
		<passive_effect name="HealthMax" operation="perc_set" value="1"/> 
		<passive_effect name="EntityDamage" operation="perc_add" value="0"/>
		<passive_effect name="PhysicalDamageResist" operation="base_set" value="30"/>		
	</effect_group>
</entity_class>	
</append>
</configs>