<configs>

<append xpath="/items">

<!-- ITEMS -->
<item name="AmoxilIngredientParts1">
	<property name="HoldType" value="31"/>
	<property name="DisplayType" value="foodWater"/>
	<property name="Meshfile" value="#Other/Items?Misc/parcelPrefab.prefab"/>
	<property name="DropMeshfile" value="#Other/Items?Misc/sack_droppedPrefab.prefab"/>	
	<property name="CustomIcon" value="resourceTestosteroneExtract"/> <property name="CustomIconTint" value="d800bc"/>	
	<property name="Material" value="Morganic"/>
	<property name="Stacknumber" value="50"/> 
	<property name="EconomicValue" value="4"/>
	<property name="CraftingIngredientTime" value="900"/>	
	<property name="EconomicBundleSize" value="5"/>
	<property name="UnlockedBy" value="perkYeahScience"/>	
	<property name="Group" value="Science,CFChemicals,Medical"/>	
</item>

<item name="AmoxilIngredientParts2">
	<property name="HoldType" value="31"/>
	<property name="DisplayType" value="foodWater"/>
	<property name="Meshfile" value="#Other/Items?Misc/parcelPrefab.prefab"/>
	<property name="DropMeshfile" value="#Other/Items?Misc/sack_droppedPrefab.prefab"/>	
	<property name="CustomIcon" value="resourceTestosteroneExtract"/> <property name="CustomIconTint" value="d2ff00"/>	
	<property name="Material" value="Morganic"/>
	<property name="Stacknumber" value="50"/> 
	<property name="EconomicValue" value="4"/>
	<property name="CraftingIngredientTime" value="900"/>
	<property name="EconomicBundleSize" value="5"/>
	<property name="UnlockedBy" value="perkYeahScience"/>	
	<property name="Group" value="Science,CFChemicals,Medical"/>		
</item>

<item name="drugAntibioticsAmoxil">
	<property name="Tags" value="medical"/>
	<property name="HoldType" value="16"/>
	<property name="Meshfile" value="#Other/Items?Health/painkillersPrefab.prefab"/>
	<property name="DropMeshfile" value="#Other/Items?Misc/sack_droppedPrefab.prefab"/>
	<property name="CustomIcon" value="drugAntibiotics"/> <property name="CustomIconTint" value="255,60,60"/>
	<property name="Material" value="Morganic"/>
	<property name="EconomicValue" value="300"/>
	<property name="Stacknumber" value="10"/> <!-- STK loot -->
	<property name="UnlockedBy" value="perkYeahScience,drugAntibioticsAmoxilSchematic"/>
	<property name="DisplayType" value="cureInfection"/>
	<property name="CraftingIngredientTime" value="15000"/>	
	<property name="Group" value="Science,CFChemicals,Medical"/>

	<property class="Action0">
		<property name="Class" value="Eat"/>
		<property name="Delay" value="1.0"/>
		<property name="Use_time" value="..."/>
		<property name="Sound_start" value="player_painkillers"/>
	</property>
	<effect_group tiered="false">
		<display_value name="dCureInfection" value=".4"/>
		<triggered_effect trigger="onSelfPrimaryActionEnd" action="ModifyCVar" cvar="$buffInfectionAddCurePerc" operation="add" value="10"/>
		<triggered_effect trigger="onSelfPrimaryActionEnd" action="AddBuff" buff="buffInfectionAddCure"/>
		<triggered_effect trigger="onSelfPrimaryActionEnd" action="RemoveBuff" buff="buffAnesthesia,buffDark,buffSanguis,buffIllPneumonia01"/>		
	</effect_group>
</item>

<item name="drugAntibioticsAmoxilSchematic">
	<property name="Extends" value="schematicNoQualityRecipeMaster"/>
	<property name="CreativeMode" value="Player"/>
	<property name="CustomIcon" value="drugAntibiotics"/> <property name="CustomIconTint" value="255,60,60"/>
	<property name="Unlocks" value="drugAntibioticsAmoxil"/>
	<effect_group tiered="false">
		<triggered_effect trigger="onSelfPrimaryActionEnd" action="ModifyCVar" cvar="drugAntibioticsAmoxil" operation="set" value="1"/>
		<triggered_effect trigger="onSelfPrimaryActionEnd" action="GiveExp" exp="500"/>
	</effect_group>
</item>

<item name="resourceHematite">
	<property name="Meshfile" value="#Other/Items?Misc/sackPrefab.prefab"/>
	<property name="DropMeshfile" value="#Other/Items?Misc/sack_droppedPrefab.prefab"/>
	<property name="HoldType" value="31"/>
	<property name="DisplayType" value="resourceIronFragment"/>
	<property name="CustomIcon" value="resourceIronFragment"/> <property name="CustomIconTint" value="d800bc"/>
	<property name="Material" value="MresourceScrapIron"/>
	<property name="Weight" value="1"/>
	<property name="Stacknumber" value="1000"/> 
	<property name="EconomicValue" value="40"/>
	<property name="EconomicBundleSize" value="5"/>	
	<property name="CraftingIngredientTime" value="120"/>
	<property name="Group" value="Resources"/>	
</item>
<!---->


<!-- MELEE HANDS ANIMALS -->	
<item name="meleeHandAnimalAnaconda">
	<property name="Extends" value="meleeHandMaster"/>
	<property name="CreativeMode" value="None"/>
	<property name="HoldType" value="55"/>
	<property class="Action0">
		<property name="Delay" value="1.0"/>
		<property name="Range" value="4"/>
		<property name="Sphere" value="2"/>
		<property name="Block_range" value="5"/>		
		<property name="DamageEntity" value="40"/>
		<property name="DamageBlock" value="1000"/>
		<property name="Buff" value="buffInjuryBleeding,buffInfectionCatch"/>
		<property name="Buff_chance" value="0.2,0.8"/>
	</property>
		<effect_group name="meleeHandAnimalAnaconda" tiered="false">
		<passive_effect name="ModSlots" operation="base_set" value="0"/>
		<passive_effect name="BuffProcChance" operation="base_set" value="0.2" tags="buffInjuryBleeding"/>		
		<passive_effect name="BuffProcChance" operation="base_set" value="0.8" tags="buffInfectionCatch"/>		
		<triggered_effect trigger="onSelfDamagedOther" action="ModifyCVar" target="other" cvar="infectionZombieHit" operation="set" value="70"/>
	</effect_group>
</item>

<item name="meleeHandAnimalChickenDemon">
	<property name="Extends" value="meleeHandMaster"/>
	<property name="CreativeMode" value="None"/>
	<property name="HoldType" value="35"/>
	<property class="Action0">
		<property name="Range" value="2"/> 
		<property name="Sphere" value="0.4"/>
		<property name="Block_range" value="4"/>
		<property name="Delay" value="0.4"/> <!-- obsolete if rounds per minute exists -->
		<property name="DamageEntity" value="6"/>
		<property name="DamageBlock" value="5"/>
		<property name="Buff" value="buffInjuryBleedingZombie,buffInfectionCatch"/>
	</property>
		<effect_group name="meleeHandAnimalChickenDemon" tiered="false">
		<passive_effect name="ModSlots" operation="base_set" value="0"/>
		<passive_effect name="DamageModifier" operation="perc_add" value="3" tags="earth"/>
		<passive_effect name="BuffProcChance" operation="base_set" value="0.10" tags="buffInjuryBleedingZombie"/>
		<passive_effect name="BuffProcChance" operation="base_set" value="0.35" tags="buffInfectionCatch"/>
		<triggered_effect trigger="onSelfDamagedOther" action="ModifyCVar" target="other" cvar="infectionZombieHit" operation="set" value="70"/>
	</effect_group>
</item>

<item name="meleeHandAnimalPup">
	<property name="Extends" value="meleeHandMaster"/>
	<property name="CreativeMode" value="None"/>
	<property name="HoldType" value="35"/>
	<property class="Action0">
		<property name="Range" value="1.85"/>	
		<property name="Delay" value="0.5"/> <!-- obsolete if rounds per minute exists -->
		<property name="DamageEntity" value="3"/>
		<property name="DamageBlock" value="7"/>
		<property name="Buff" value="buffInjuryBleedingZombie,buffInfectionCatch"/>
	</property>
		<effect_group name="meleeHandAnimalPup" tiered="false">
		<passive_effect name="ModSlots" operation="base_set" value="0"/>
		<passive_effect name="DamageModifier" operation="perc_add" value="3" tags="earth"/>
		<passive_effect name="BuffProcChance" operation="base_set" value="0.10" tags="buffInjuryBleedingZombie"/>
		<passive_effect name="BuffProcChance" operation="base_set" value="0.90" tags="buffInfectionCatch"/>
		<triggered_effect trigger="onSelfDamagedOther" action="ModifyCVar" target="other" cvar="infectionZombieHit" operation="set" value="50"/>
	</effect_group>
</item>

<item name="meleeHandAnimalFly">
	<property name="Extends" value="meleeHandMaster"/>
	<property name="CreativeMode" value="None"/>
	<property name="HoldType" value="35"/>
	<property class="Action0">
		<property name="Delay" value=".7"/> <!-- obsolete if rounds per minute exists -->
		<property name="DamageEntity" value="2"/>
		<property name="DamageBlock" value="1"/>
		<property name="Buff" value="buffInfectionCatch"/>
	</property>
	<property class="Action1">
		<property name="Class" value="Vomit"/>
		<property name="Hitmask_override" value="Arrow"/>
		<property name="Delay" value=".5"/>
		<property name="Infinite_ammo" value="true"/>
		<property name="Magazine_items" value="ammoProjectileFlyVomit"/>
		<property name="Sound_warning" value=""/>
		<property name="Sound_start" value=""/>
		<property name="Sound_repeat" value=""/>
		<property name="Sound_end" value=""/>
		<property name="Sound_empty" value=""/>
		<property name="Sound_reload" value=""/>
	</property>
	<effect_group name="meleeHandAnimalFly" tiered="false">
		<passive_effect name="ModSlots" operation="base_set" value="0"/>
		<passive_effect name="MagazineSize" operation="base_set" value="1"/>
		<passive_effect name="BurstRoundCount" operation="base_set" value="1"/>
		<passive_effect name="SpreadDegreesVertical" operation="base_set" value="6"/>
		<passive_effect name="SpreadDegreesHorizontal" operation="base_set" value="15"/>
		<passive_effect name="SpreadMultiplierIdle" operation="base_set" value="1"/>
		<passive_effect name="DamageFalloffRange" operation="base_set" value="50"/>
		<passive_effect name="MaxRange" operation="base_set" value="50"/>

		<passive_effect name="BuffProcChance" operation="base_set" value=".40" tags="buffInfectionCatch"/>
		<triggered_effect trigger="onSelfDamagedOther" action="ModifyCVar" target="other" cvar="infectionZombieHit" operation="set" value="60"/><!--InfectionRadiated-->
	</effect_group>
</item>

<item name="ammoProjectileFlyVomit">
	<property name="Meshfile" value="particleeffects/p_gunfire_smoke"/>
	<property name="Material" value="Morganic"/>
	<property name="CreativeMode" value="None"/>
	<property class="Action1">
		<property name="Class" value="Projectile"/>
		<property name="DamageEntity" value="0"/>
		<property name="DamageBlock" value="0"/>
		<property name="Explosion.ParticleIndex" value="0"/>
		<property name="Velocity" value="0.01"/>
		<property name="FlyTime" value="0.01"/>
		<property name="LifeTime" value="0.01"/>
		<property name="CollisionRadius" value=".5"/>
		<property name="Buff" value="buffInfectionCatch"/>
	</property>
	<effect_group name="ammoProjectileFlyVomit" tiered="false">
		<passive_effect name="DamageModifier" operation="perc_set" value="0" tags="earth"/>
		<passive_effect name="DamageModifier" operation="perc_set" value="0" tags="stone"/>
		<passive_effect name="DamageModifier" operation="perc_add" value="0" tags="metal"/>
		<passive_effect name="BuffProcChance" operation="base_set" value=".40" tags="buffInfectionCatch"/>
	</effect_group>
</item>

<!-- Golden Phoenix -->
<item name="meleeHandAnimalGoldenPhoenix">
	<property name="Extends" value="meleeHandMaster"/>
	<property name="CreativeMode" value="None"/>
	<property name="HoldType" value="35"/>
	<property class="Action0">
		<property name="Delay" value="0.7"/> 
		<property name="DamageEntity" value="30"/>
		<property name="DamageBlock" value="500"/>
		<property name="Buff" value="buffBurningMolotov,buffInjuryBleeding,buffInfectionCatch"/>
	</property>
	<property class="Action1">
		<property name="Class" value="Vomit"/>
		<property name="Delay" value="0.5"/>
		<property name="Infinite_ammo" value="true"/>
		<property name="Magazine_items" value="ammoProjectilePhoenixVomit"/>
		<property name="Sound_warning" value="hulkvomitwarning"/>
		<property name="Sound_start" value="firebossvomitattack"/>
	</property>
		<effect_group name="meleeHandAnimalGoldenPhoenix" tiered="false">
		<passive_effect name="ModSlots" operation="base_set" value="0"/>
		<!--<passive_effect name="AttacksPerMinute" operation="base_set" value="55"/>  A16 .7,  50=1.2 -->
		<passive_effect name="DamageFalloffRange" operation="base_set" value="50"/>
		<passive_effect name="MaxRange" operation="base_set" value="50"/>
		<passive_effect name="MagazineSize" operation="base_set" value="3"/>
		<passive_effect name="BurstRoundCount" operation="base_set" value="1"/>
		<passive_effect name="SpreadDegreesVertical" operation="base_set" value="3"/>
		<passive_effect name="SpreadDegreesHorizontal" operation="base_set" value="5"/>
		<passive_effect name="SpreadMultiplierIdle" operation="base_set" value="1"/>	
		<passive_effect name="BuffProcChance" operation="base_set" value="0.60" tags="buffBurningMolotov"/>
		<passive_effect name="BuffProcChance" operation="base_set" value="0.10" tags="buffInjuryBleeding"/>
		<passive_effect name="BuffProcChance" operation="base_set" value="0.30" tags="buffInfectionCatch"/>
		<triggered_effect trigger="onSelfDamagedOther" action="ModifyCVar" target="other" cvar="infectionZombieHit" operation="set" value="70"/>
	</effect_group>
</item>

<item name="ammoProjectilePhoenixVomit">
	<property name="Meshfile" value="prefabs/prefabexplosion10"/> 
	<property name="Material" value="Morganic"/>
	<property name="CreativeMode" value="None"/>
	<property class="Action1">
		<property name="Class" value="Projectile"/>
		<property name="DamageEntity" value="20"/>
		<property name="DamageBlock" value="200"/>
		<property name="Explosion.ParticleIndex" value="11"/>
		<property name="Explosion.RadiusBlocks" value="4"/>
		<property name="Explosion.BlockDamage" value="200"/>
		<property name="Explosion.RadiusEntities" value="4"/>
		<property name="Explosion.EntityDamage" value="50"/>
		<property name="Explosion.DamageBonus.water" value="0"/>
		<property name="Explosion.DamageBonus.earth" value="10"/>
		<property name="DamageBonus.stone" value="200"/>		
		<property name="DamageBonus.metal" value="200"/>
		<property name="Velocity" value="14"/>
		<property name="FlyTime" value="10"/>
		<property name="LifeTime" value="14"/>
		<property name="CollisionRadius" value="0.5"/>
		<property name="Buff" value="buffBurningMolotov"/>
	</property>
		<effect_group name="ammoProjectilePhoenixVomit" tiered="false">
		<passive_effect name="DamageModifier" operation="perc_set" value="0" tags="earth"/>
		<passive_effect name="DamageModifier" operation="perc_add" value="1" tags="wood"/>		
		<passive_effect name="DamageModifier" operation="perc_add" value="1" tags="metal"/>
		<passive_effect name="BuffProcChance" operation="base_set" value="0.90" tags="buffBurningMolotov"/>	
	</effect_group>
</item>

<!---->

<!-- MELEE ZOMBIES NON-PUKE -->
<item name="meleeHandZombieGiant">
	<property name="Extends" value="meleeHandMaster"/>
	<property name="Tags" value="blunt,melee,light"/>	
	<property name="CreativeMode" value="None"/>
	<property name="HoldType" value="9"/>
	<property name="Material" value="Morganic"/>
	<property name="Canhold" value="false"/>
	<property name="Stacknumber" value="1"/>
	<property name="Candrop" value="false"/>
	<property class="Action0"><!-- AttackAction -->
		<property name="Class" value="Melee"/>
		<property name="Delay" value="0.6"/> <!-- obsolete if rounds per minute exists -->
		<property name="Range" value="3.1"/> <!-- This not what "clientside melee combat" means. =) This is the adjustment afterwards due to code changes. -->
		<property name="Sphere" value="0.3"/>
		<property name="Block_range" value="5.5"/>
		<property name="DamageEntity" value="65"/>
		<property name="DamageBlock" value="15000"/>
		<property name="Buff" value="buffArmBroken,buffInjuryStunned01"/>			
		<property name="Sound_start" value="swoosh"/>
	</property>
<effect_group name="meleeHandZombieGiant" tiered="false">
		<passive_effect name="DamageFalloffRange" operation="base_set" value="1.65"/>
		<passive_effect name="BuffProcChance" operation="base_set" value=".50" tags="buffArmBroken"/>
		<passive_effect name="BuffProcChance" operation="base_set" value=".30" tags="buffInjuryStunned01"/>			
	</effect_group>
</item>

<item name="meleeHandZombieMummy">
	<property name="Extends" value="meleeHandMaster"/>
	<property name="Tags" value="blunt,melee,light"/>	
	<property name="CreativeMode" value="None"/>
	<property name="HoldType" value="9"/>
	<property name="Material" value="Morganic"/>
	<property name="Canhold" value="false"/>
	<property name="Stacknumber" value="1"/>
	<property name="Candrop" value="false"/>
	<property class="Action0"><!-- AttackAction -->
		<property name="Class" value="Melee"/>
		<property name="Delay" value="1"/> <!-- obsolete if rounds per minute exists -->
		<property name="Range" value="2"/> 
		<property name="Sphere" value="0.5"/>
		<property name="Block_range" value="5.5"/>
		<property name="DamageEntity" value="22"/>
		<property name="DamageBlock" value="2000"/>
		<property name="Buff" value="buffArmBroken,buffInjuryStunned01"/>			
		<property name="Sound_start" value="swoosh"/>
	</property>
		<effect_group name="meleeHandZombieMummy" tiered="false">	
		<passive_effect name="DamageFalloffRange" operation="base_set" value="1.65"/>
		<passive_effect name="BuffProcChance" operation="base_set" value=".35" tags="buffArmBroken"/>
		<passive_effect name="BuffProcChance" operation="base_set" value=".20" tags="buffInjuryStunned01"/>		
	</effect_group>
</item>

<!-- Fat zombie melees -->
<item name="meleeHandZombieStrong2">
	<property name="Extends" value="meleeHandMaster"/>
	<property name="CreativeMode" value="None"/>
	<property class="Action0">
		<property name="DamageEntity" value="20"/>
		<property name="DamageBlock" value="20"/>
		<property name="Buff" value="buffArmBroken,buffInjuryStunned01"/>
	</property>
	<effect_group name="meleeHandZombieStrong" tiered="false">
		<passive_effect name="ModSlots" operation="base_set" value="0"/>
		<!--<passive_effect name="AttacksPerMinute" operation="base_set" value="75"/>  A16 .8 -->
		<passive_effect name="BuffProcChance" operation="base_set" value=".35" tags="buffArmBroken"/>
		<passive_effect name="BuffProcChance" operation="base_set" value=".20" tags="buffInjuryStunned01"/>
	</effect_group>
	</item>
<!---->

<!-- ZOMBIES MELEE AND PROJECTILE -->
<item name="meleeHandZombieAnesthesia">
	<property name="Extends" value="meleeHandMaster"/>
	<property name="CreativeMode" value="None"/>
	<property name="HoldType" value="35"/>
	<property class="Action0">
		<property name="Range" value="1.75"/>	
		<property name="Delay" value="0.5"/> <!-- obsolete if rounds per minute exists -->
		<property name="DamageEntity" value="2"/>
		<property name="DamageBlock" value="10"/>
		<property name="Buff" value="buffAnesthesia,buffInfectionCatch"/>
	</property>
		<property class="Action1"> <!-- UseAction -->
		<property name="Class" value="Vomit"/>
		<property name="Delay" value="0.3"/> <!-- obsolete if rounds per minute exists -->
		<property name="Range" value="200"/>
		<property name="Infinite_ammo" value="true"/>
		<property name="Magazine_items" value="ZombieAnesthesiaVomitProjectile" />
		<property name="Sound_warning" value="anesthesiavomitwarning"/>
		<property name="Sound_start" value="anesthesiavomitattack"/>
		<property name="Sound_repeat" value=""/>
		<property name="Sound_end" value=""/>
		<property name="Sound_empty" value=""/>
		<property name="Sound_reload" value=""/>
		<property name="Buff" value="buffAnesthesia,buffInfectionCatch"/>
	</property>
		<effect_group name="meleeHandZombieAnesthesia" tiered="false">
		<passive_effect name="ModSlots" operation="base_set" value="0"/>
		<passive_effect name="DamageFalloffRange" operation="base_set" value="50"/>
		<passive_effect name="MaxRange" operation="base_set" value="100"/>
		<passive_effect name="MagazineSize" operation="base_set" value="5"/>
		<passive_effect name="BurstRoundCount" operation="base_set" value="2"/>
		<passive_effect name="SpreadDegreesVertical" operation="base_set" value="1"/>
		<passive_effect name="SpreadDegreesHorizontal" operation="base_set" value="1"/>
		<passive_effect name="SpreadMultiplierIdle" operation="base_set" value="4"/>
		<passive_effect name="BuffProcChance" operation="base_set" value="0.90" tags="buffAnesthesia"/>	
		<passive_effect name="BuffProcChance" operation="base_set" value="0.10" tags="buffInfectionCatch"/>	
		<triggered_effect trigger="onSelfDamagedOther" action="ModifyCVar" target="other" cvar="infectionZombieHit" operation="set" value="70"/>	
	</effect_group>
</item>	

<item name="ZombieAnesthesiaVomitProjectile">
	<property name="Meshfile" value="#Other/Items?Weapons/Ranged/Vomit/vomitBulbPrefab.prefab"/>
	<property name="Material" value="Morganic"/>
	<property name="CreativeMode" value="None"/>
	<property class="Action1">
		<property name="Class" value="Projectile"/>
		<property name="DamageEntity" value="1"/>
		<property name="DamageBlock" value="5"/>
		<property name="Explosion.ParticleIndex" value="0"/> <!-- no explosion -->
		<property name="Velocity" value="30"/>
		<property name="FlyTime" value="0.2"/>
		<property name="LifeTime" value="4"/>
		<property name="CollisionRadius" value="0.5"/>		
		<property name="Buff" value="buffAnesthesia"/>
	</property>
		<effect_group name="ZombieAnesthesiaVomitProjectile" tiered="false">
		<passive_effect name="ModSlots" operation="base_set" value="0"/>
		<passive_effect name="DamageModifier" operation="perc_set" value="1" tags="earth"/>
		<passive_effect name="DamageModifier" operation="perc_add" value="1" tags="metal"/>		
		<passive_effect name="BuffProcChance" operation="base_set" value="0.9" tags="buffAnesthesia"/>
	</effect_group>
</item>

<!-- Burning man -->
<item name="meleehandZombieBurningMan">
	<property name="Extends" value="meleeHandMaster"/>
	<property name="CreativeMode" value="None"/>
	<property name="Degradation" value="99999" param1="true"/>
	<property class="Action0">
		<property name="Range" value="1.75"/>
		<property name="DamageEntity" value="8"/>
		<property name="DamageBlock" value="20"/>
		<property name="Buff" value="buffInjuryBleedingZombie,buffInjuryStunned01,buffBurningMolotov"/>		
	</property>
	<property class="Action1"> <!-- UseAction -->
		<property name="Class" value="Vomit"/>
		<property name="Delay" value="0.3"/> <!-- obsolete if rounds per minute exists -->
		<property name="Range" value="200"/>
		<property name="Infinite_ammo" value="true"/>
		<property name="Magazine_items" value="firevomitSmallProjectile"/>
		<property name="Sound_warning" value="moepukervomitwarning"/>
		<property name="Sound_start" value="burningmanvomitattack"/>
		<property name="Sound_repeat" value=""/>
		<property name="Sound_end" value=""/>
		<property name="Sound_empty" value=""/>
		<property name="Sound_reload" value=""/>
		<property name="Buff" value="buffBurningMolotov"/>
	</property>
		<effect_group name="meleehandZombieBurningMan" tiered="false">	
		<passive_effect name="ModSlots" operation="base_set" value="0"/>
		<passive_effect name="DamageFalloffRange" operation="base_set" value="50"/>
		<passive_effect name="MaxRange" operation="base_set" value="100"/>
		<passive_effect name="MagazineSize" operation="base_set" value="2"/>
		<passive_effect name="BurstRoundCount" operation="base_set" value="1"/>
		<passive_effect name="SpreadDegreesVertical" operation="base_set" value="2"/>
		<passive_effect name="SpreadDegreesHorizontal" operation="base_set" value="4"/>
		<passive_effect name="SpreadMultiplierIdle" operation="base_set" value="1"/>
		<passive_effect name="BuffProcChance" operation="base_set" value="0.30" tags="buffInjuryBleedingZombie"/>
		<passive_effect name="BuffProcChance" operation="base_set" value="0.15" tags="buffInjuryStunned01"/>
		<passive_effect name="BuffProcChance" operation="base_set" value="0.55" tags="buffBurningMolotov"/>		
	</effect_group>
</item>	

<item name="firevomitSmallProjectile">
	<property name="Meshfile" value="particleeffects/p_torch_wall"/> 
	<property name="Material" value="Morganic" />
	<property name="CreativeMode" value="None"/>
	<property class="Action1">
		<property name="Class" value="Projectile"/>
		<property name="DamageEntity" value="8"/>
		<property name="DamageBlock" value="15"/>
		<property name="Explosion.ParticleIndex" value="10"/>		
		<property name="Velocity" value="18"/>
		<property name="FlyTime" value="0.4"/>
		<property name="LifeTime" value="2.1"/>
		<property name="CollisionRadius" value="0.5"/>
		<property name="Buff" value="buffBurningMolotov"/>
	</property>
		<effect_group name="firevomitSmallProjectile" tiered="false">	
		<passive_effect name="ModSlots" operation="base_set" value="0"/>
		<passive_effect name="DamageModifier" operation="perc_set" value="1" tags="earth"/>
		<passive_effect name="DamageModifier" operation="perc_add" value="1" tags="metal"/>
		<passive_effect name="BuffProcChance" operation="base_set" value="0.40" tags="buffBurningMolotov"/>
	</effect_group>	
</item>

<item name="meleehandZombieBlazingMan">
	<property name="Extends" value="meleeHandMaster"/>
	<property name="CreativeMode" value="None"/>
	<property name="Degradation" value="99999" param1="true"/>
	<property class="Action0">
		<property name="Range" value="1.75"/>
		<property name="DamageEntity" value="9"/>
		<property name="DamageBlock" value="40"/>
		<property name="Buff" value="buffInjuryStunned01,buffBurningMolotov"/>		
	</property>
	<property class="Action1"> <!-- UseAction -->
		<property name="Class" value="Vomit"/>
		<property name="Delay" value="0.3"/> <!-- obsolete if rounds per minute exists -->
		<property name="Range" value="200"/>
		<property name="Infinite_ammo" value="true"/>
		<property name="Magazine_items" value="firevomitMediumProjectile"/>
		<property name="Sound_warning" value="moepukervomitwarning"/>
		<property name="Sound_start" value="firebossvomitattack"/>
		<property name="Sound_repeat" value=""/>
		<property name="Sound_end" value=""/>
		<property name="Sound_empty" value=""/>
		<property name="Sound_reload" value=""/>
		<property name="Buff" value="buffBurningMolotov"/>
	</property>
		<effect_group name="meleehandZombieBlazingMan" tiered="false">	
		<passive_effect name="ModSlots" operation="base_set" value="0"/>
		<passive_effect name="DamageFalloffRange" operation="base_set" value="50"/>
		<passive_effect name="MaxRange" operation="base_set" value="100"/>
		<passive_effect name="MagazineSize" operation="base_set" value="6"/>
		<passive_effect name="BurstRoundCount" operation="base_set" value="2"/>
		<passive_effect name="SpreadDegreesVertical" operation="base_set" value="2"/>
		<passive_effect name="SpreadDegreesHorizontal" operation="base_set" value="4"/>
		<passive_effect name="SpreadMultiplierIdle" operation="base_set" value="1"/>
		<passive_effect name="BuffProcChance" operation="base_set" value="0.20" tags="buffInjuryStunned01"/>
		<passive_effect name="BuffProcChance" operation="base_set" value="0.80" tags="buffBurningMolotov"/>		
	</effect_group>
</item>	

<item name="firevomitMediumProjectile">
	<property name="Meshfile" value="ParticleEffects/p_fire_small"/>
	<property name="Material" value="Morganic" />
	<property name="CreativeMode" value="None"/>
	<property class="Action1">
		<property name="Class" value="Projectile"/>
		<property name="DamageEntity" value="17"/>
		<property name="DamageBlock" value="70"/>
		<property name="Explosion.ParticleIndex" value="5"/> <!-- which Prefab/particle is used -->
		<property name="Explosion.RadiusBlocks" value="3"/> <!-- damage radius for blocks -->
		<property name="Explosion.BlockDamage" value="80"/> <!-- damage for blocks in the center of the explosion -->
		<property name="Explosion.RadiusEntities" value="4"/> <!-- damage radius for entities -->
		<property name="Explosion.EntityDamage" value="38"/> <!-- damage for entities in the center of the explosion. Zombies take 2x this damage. -->		
		<property name="Velocity" value="15"/>
		<property name="FlyTime" value="1"/>
		<property name="LifeTime" value="3"/>
		<property name="CollisionRadius" value="0.5"/>
		<property name="Buff" value="buffBurningMolotov"/>
	</property>
		<effect_group name="firevomitMediumProjectile" tiered="false">	
		<passive_effect name="ModSlots" operation="base_set" value="0"/>
		<passive_effect name="DamageModifier" operation="perc_set" value="1" tags="earth"/>
		<passive_effect name="DamageModifier" operation="perc_add" value="1" tags="metal"/>
		<passive_effect name="BuffProcChance" operation="base_set" value="0.65" tags="buffBurningMolotov"/>
	</effect_group>	
</item>

<!-- Fireboss -->
<item name="meleehandZombieBurningBoss">
	<property name="Extends" value="meleeHandMaster"/>
	<property name="CreativeMode" value="None"/>
	<property name="Degradation" value="99999" param1="true"/>
	<property class="Action0">
		<property name="Delay" value="0.9"/> <!-- obsolete if rounds per minute exists -->
		<property name="Range" value="2.4"/> 
		<property name="Sphere" value="0.3"/>
		<property name="Block_range" value="5.5"/>
		<property name="DamageEntity" value="30"/>
		<property name="DamageBlock" value="400"/>
		<property name="Buff" value="buffArmBroken,buffBurningMolotov"/>		
	</property>
	<property class="Action1"> <!-- UseAction -->
		<property name="Class" value="Vomit"/>
		<property name="Delay" value="0.3"/> <!-- obsolete if rounds per minute exists -->
		<property name="Range" value="200"/>
		<property name="Infinite_ammo" value="true"/>
		<property name="Magazine_items" value="firevomitBigProjectile"/>
		<property name="Sound_warning" value="moepukervomitwarning"/>
		<property name="Sound_start" value="firebossvomitattack"/>
		<property name="Buff" value="buffBurningMolotov"/>
	</property>
		<effect_group name="meleehandZombieBurningBoss" tiered="false">
		<passive_effect name="ModSlots" operation="base_set" value="0"/>
		<passive_effect name="DamageFalloffRange" operation="base_set" value="50"/>
		<passive_effect name="MaxRange" operation="base_set" value="100"/>
		<passive_effect name="MagazineSize" operation="base_set" value="10"/>
		<passive_effect name="BurstRoundCount" operation="base_set" value="2"/>
		<passive_effect name="SpreadDegreesVertical" operation="base_set" value="4"/>
		<passive_effect name="SpreadDegreesHorizontal" operation="base_set" value="12"/>
		<passive_effect name="SpreadMultiplierIdle" operation="base_set" value="1"/>
		<passive_effect name="BuffProcChance" operation="base_set" value=".50" tags="buffArmBroken"/>
		<passive_effect name="BuffProcChance" operation="base_set" value=".45" tags="buffBurningMolotov"/>	
	</effect_group>
</item>	

<item name="firevomitBigProjectile">
	<property name="Meshfile" value="prefabs/prefabexplosion10"/> 
	<property name="Material" value="Morganic" />
	<property name="CreativeMode" value="None"/>
	<property class="Action1">
		<property name="Class" value="Projectile"/>
		<property name="DamageEntity" value="25"/>
		<property name="DamageBlock" value="300"/>
		<property name="Explosion.ParticleIndex" value="2"/> <!-- which Prefab/particle is used -->
		<property name="Explosion.RadiusBlocks" value="5"/> <!-- damage radius for blocks -->
		<property name="Explosion.BlockDamage" value="180"/> <!-- damage for blocks in the center of the explosion -->
		<property name="Explosion.RadiusEntities" value="5"/> <!-- damage radius for entities -->
		<property name="Explosion.EntityDamage" value="40"/> <!-- damage for entities in the center of the explosion. Zombies take 2x this damage. -->					
		<property name="Velocity" value="14"/>
		<property name="FlyTime" value="0.6"/>
		<property name="LifeTime" value="4"/>
		<property name="DamageBonus.wood" value="100"/>	
		<property name="DamageBonus.stone" value="120"/>		
		<property name="DamageBonus.metal" value="120"/>		
		<property name="CollisionRadius" value="0.5"/>
		<property name="Buff" value="buffBurningMolotov"/>
	</property>
		<effect_group name="firevomitBigProjectile" tiered="false">
		<passive_effect name="DamageModifier" operation="perc_set" value="1" tags="earth"/>
		<passive_effect name="DamageModifier" operation="perc_add" value="1" tags="metal"/>
		<passive_effect name="BuffProcChance" operation="base_set" value="0.95" tags="buffBurningMolotov"/>
	</effect_group>	
</item>	

<item name="meleeHandZombieSanguis">
	<property name="Extends" value="meleeHandMaster"/>
	<property name="CreativeMode" value="None"/>
	<property name="HoldType" value="35"/>
	<property class="Action0">
		<property name="Range" value="1.75"/>	
		<property name="Delay" value="0.5"/> <!-- obsolete if rounds per minute exists -->
		<property name="DamageEntity" value="4"/>
		<property name="DamageBlock" value="30"/>
		<property name="Buff" value="buffSanguis,buffIllPneumonia01,buffInfectionCatch"/>		
	</property>
		<property class="Action1"> <!-- UseAction -->
		<property name="Class" value="Vomit"/>
		<property name="Delay" value="0.1"/> <!-- obsolete if rounds per minute exists -->
		<property name="Range" value="200"/>
		<property name="Infinite_ammo" value="true"/>
		<property name="Magazine_items" value="ZombieSanguisVomitProjectile" />
		<property name="Sound_warning" value="sanguisvomitwarning"/>
		<property name="Sound_start" value="sanguisvomitattack"/>
		<property name="Sound_repeat" value=""/>
		<property name="Sound_end" value=""/>
		<property name="Sound_empty" value=""/>
		<property name="Sound_reload" value=""/>
		<property name="Buff" value="buffSanguis,buffInfectionCatch,buffIllPneumonia01"/>					
	</property>
		<effect_group name="meleeHandZombieSanguis" tiered="false">
		<passive_effect name="ModSlots" operation="base_set" value="0"/>
		<passive_effect name="DamageFalloffRange" operation="base_set" value="50"/>
		<passive_effect name="MaxRange" operation="base_set" value="100"/>
		<passive_effect name="MagazineSize" operation="base_set" value="9"/>
		<passive_effect name="BurstRoundCount" operation="base_set" value="3"/>
		<passive_effect name="SpreadDegreesVertical" operation="base_set" value="2"/>
		<passive_effect name="SpreadDegreesHorizontal" operation="base_set" value="4"/>
		<passive_effect name="SpreadMultiplierIdle" operation="base_set" value="1"/>
		<passive_effect name="BuffProcChance" operation="base_set" value="0.25" tags="buffSanguis"/>
		<passive_effect name="BuffProcChance" operation="base_set" value="0.25" tags="buffInfectionCatch"/>
		<passive_effect name="BuffProcChance" operation="base_set" value="0.30" tags="buffIllPneumonia01"/>		
		<triggered_effect trigger="onSelfDamagedOther" action="ModifyCVar" target="other" cvar="infectionZombieHit" operation="set" value="70"/>	
	</effect_group>
</item>

<item name="ZombieSanguisVomitProjectile">
	<property name="Meshfile" value="prefabs/screeneffectbloodsplatter"/>
	<property name="Material" value="Morganic"/>
	<property name="CreativeMode" value="None"/>
	<property class="Action1">
		<property name="Class" value="Projectile"/>
		<property name="DamageEntity" value="2"/>
		<property name="DamageBlock" value="1"/>
		<property name="Explosion.ParticleIndex" value="0"/> <!-- no explosion -->
		<property name="Velocity" value="15"/>
		<property name="FlyTime" value="1"/>
		<property name="LifeTime" value="4"/>
		<property name="CollisionRadius" value="0.5"/>
		<property name="Buff" value="buffSanguis,buffInfectionCatch,buffIllPneumonia01"/>		
	</property>
		<effect_group name="ZombieSanguisVomitProjectile" tiered="false">
		<passive_effect name="ModSlots" operation="base_set" value="0"/>
		<passive_effect name="BuffProcChance" operation="base_set" value="0.40" tags="buffSanguis"/>
		<passive_effect name="BuffProcChance" operation="base_set" value="0.20" tags="buffInfectionCatch"/>
		<passive_effect name="BuffProcChance" operation="base_set" value="0.20" tags="buffIllPneumonia01"/>			
		<passive_effect name="DamageModifier" operation="perc_set" value="1" tags="earth"/>
		<passive_effect name="DamageModifier" operation="perc_add" value="1" tags="metal"/>		
		<triggered_effect trigger="onSelfDamagedOther" action="ModifyCVar" target="other" cvar="infectionZombieHit" operation="set" value="70"/>
	</effect_group>
</item>

<item name="meleeHandZombieShadow">
	<property name="Extends" value="meleeHandMaster"/>
	<property name="CreativeMode" value="None"/>
	<property name="HoldType" value="35"/>
	<property class="Action0">
		<property name="Range" value="1.75"/>	
		<property name="Delay" value="0.5"/> <!-- obsolete if rounds per minute exists -->
		<property name="DamageEntity" value="10"/>
		<property name="DamageBlock" value="10"/>
		<property name="Buff" value="buffDark"/>
	</property>
		<property class="Action1"> <!-- UseAction -->
		<property name="Class" value="Vomit"/>
		<property name="Delay" value="0.3"/> <!-- obsolete if rounds per minute exists -->
		<property name="Range" value="200"/>
		<property name="Infinite_ammo" value="true"/>
		<property name="Magazine_items" value="ZombieShadowVomitProjectile" />
		<property name="Sound_warning" value="moepukervomitwarning"/>
		<property name="Sound_start" value="shadowvomitattack"/>
		<property name="Sound_repeat" value=""/>
		<property name="Sound_end" value=""/>
		<property name="Sound_empty" value=""/>
		<property name="Sound_reload" value=""/>
		<property name="Buff" value="buffDark"/>
	</property>
		<effect_group name="meleeHandZombieShadow" tiered="false">
		<passive_effect name="ModSlots" operation="base_set" value="0"/>
		<passive_effect name="DamageFalloffRange" operation="base_set" value="50"/>
		<passive_effect name="MaxRange" operation="base_set" value="100"/>
		<passive_effect name="MagazineSize" operation="base_set" value="10"/>
		<passive_effect name="BurstRoundCount" operation="base_set" value="4"/>
		<passive_effect name="SpreadDegreesVertical" operation="base_set" value="2"/>
		<passive_effect name="SpreadDegreesHorizontal" operation="base_set" value="4"/>
		<passive_effect name="SpreadMultiplierIdle" operation="base_set" value="1"/>
		<passive_effect name="BuffProcChance" operation="base_set" value="0.90" tags="buffDark"/>		
	</effect_group>
</item>

<item name="ZombieShadowVomitProjectile">
	<property name="Meshfile" value="particleeffects/sparklight"/>
	<property name="Material" value="Morganic"/>
	<property name="CreativeMode" value="None"/>
	<property class="Action1">
		<property name="Class" value="Projectile"/>
		<property name="DamageEntity" value="5"/>
		<property name="DamageBlock" value="10"/>
		<property name="Explosion.ParticleIndex" value="0"/> <!-- no explosion -->
		<property name="Velocity" value="15"/>
		<property name="FlyTime" value="1"/>
		<property name="LifeTime" value="4"/>
		<property name="CollisionRadius" value="0.5"/>		
		<property name="Buff" value="buffDark"/>
	</property>
		<effect_group name="ZombieShadowVomitProjectile" tiered="false">
		<passive_effect name="ModSlots" operation="base_set" value="0"/>
		<passive_effect name="DamageModifier" operation="perc_set" value="1" tags="earth"/>
		<passive_effect name="DamageModifier" operation="perc_add" value="1" tags="metal"/>		
		<passive_effect name="BuffProcChance" operation="base_set" value="0.50" tags="buffDark"/>
	</effect_group>
</item>

<!-- MOE PUKER -->
<item name="meleehandZombieMoePuker">
	<property name="Extends" value="meleeHandMaster"/>
	<property name="CreativeMode" value="None"/>
	<property name="Degradation" value="99999" param1="true"/>
	<property class="Action0">
		<property name="Range" value="1.75"/>
		<property name="DamageEntity" value="14"/>
		<property name="DamageBlock" value="30"/>
		<property name="Buff" value="buffInjuryBleedingZombie,buffInfectionCatch,buffInjuryStunned01"/>		
	</property>
	<property class="Action1"> <!-- UseAction -->
		<property name="Class" value="Vomit"/>
		<property name="Delay" value="0.3"/> <!-- obsolete if rounds per minute exists -->
		<property name="Range" value="200"/>
		<property name="Infinite_ammo" value="true"/>
		<property name="Magazine_items" value="ZombieMoePukerSmallProjectile" />
		<property name="Sound_warning" value="moepukervomitwarning"/>
		<property name="Sound_start" value="hulkvomitattack2"/>
		<property name="Sound_repeat" value=""/>
		<property name="Sound_end" value=""/>
		<property name="Sound_empty" value=""/>
		<property name="Sound_reload" value=""/>
		<property name="Buff" value="buffInfectionCatch"/>
	
	</property>
		<effect_group name="meleehandZombieMoePuker" tiered="false">	
		<passive_effect name="ModSlots" operation="base_set" value="0"/>	
		<passive_effect name="DamageFalloffRange" operation="base_set" value="50"/>
		<passive_effect name="MaxRange" operation="base_set" value="100"/>
		<passive_effect name="MagazineSize" operation="base_set" value="4"/>
		<passive_effect name="BurstRoundCount" operation="base_set" value="2"/>
		<passive_effect name="SpreadDegreesVertical" operation="base_set" value="2"/>
		<passive_effect name="SpreadDegreesHorizontal" operation="base_set" value="4"/>
		<passive_effect name="SpreadMultiplierIdle" operation="base_set" value="1"/>
		<passive_effect name="BuffProcChance" operation="base_set" value="0.20" tags="buffInjuryBleedingZombie"/>
		<passive_effect name="BuffProcChance" operation="base_set" value="0.40" tags="buffInfectionCatch"/>
		<passive_effect name="BuffProcChance" operation="base_set" value="0.20" tags="buffInjuryStunned01"/>	
		<triggered_effect trigger="onSelfDamagedOther" action="ModifyCVar" target="other" cvar="infectionZombieHit" operation="set" value="40"/>
	</effect_group>
</item>	

<item name="ZombieMoePukerSmallProjectile">
	<property name="Meshfile" value="#Other/Items?Weapons/Ranged/Vomit/vomitBulbPrefab.prefab"/>
	<property name="Material" value="Morganic"/>
	<property name="CreativeMode" value="None"/>
	<property class="Action1">
		<property name="Class" value="Projectile"/>
		<property name="DamageEntity" value="9"/>
		<property name="DamageBlock" value="5"/>
		<property name="Explosion.ParticleIndex" value="7"/>
		<property name="Explosion.RadiusBlocks" value="3"/> <!-- damage radius for blocks -->
		<property name="Explosion.BlockDamage" value="10"/> <!-- damage for blocks in the center of the explosion -->
		<property name="Explosion.RadiusEntities" value="3"/> <!-- damage radius for entities -->
		<property name="Explosion.EntityDamage" value="25"/> <!-- damage for entities in the center of the explosion. Zombies take 2x this damage. -->				
		<property name="Velocity" value="28"/>
		<property name="FlyTime" value="0.2"/>
		<property name="LifeTime" value="2"/>
		<property name="CollisionRadius" value="0.5"/>	
		<property name="Buff" value="buffInfectionCatch"/>
	</property>
		<effect_group name="ZombieMoePukerSmallProjectile" tiered="false">	
		<passive_effect name="ModSlots" operation="base_set" value="0"/>
		<passive_effect name="DamageModifier" operation="perc_set" value="1" tags="earth"/>
		<passive_effect name="DamageModifier" operation="perc_add" value="1" tags="metal"/>
		<passive_effect name="BuffProcChance" operation="base_set" value="0.35" tags="buffInfectionCatch"/>
		<triggered_effect trigger="onSelfDamagedOther" action="ModifyCVar" target="other" cvar="infectionZombieHit" operation="set" value="40"/>
	</effect_group>
</item>

<!-- Feral Moe Puker -->
<item name="meleeHandZombieFeralMoePuker">
	<property name="Extends" value="meleeHandMaster"/>
	<property name="CreativeMode" value="None"/>
	<property name="Degradation" value="99999" param1="true"/>
	<property class="Action0">
		<property name="Range" value="1.75"/>
		<property name="DamageEntity" value="30"/>
		<property name="DamageBlock" value="200"/>
		<property name="Buff" value="buffInjuryBleedingZombie,buffInfectionCatch,buffInjuryStunned01"/>		
	</property>
	<property class="Action1"> <!-- UseAction -->
		<property name="Class" value="Vomit"/>
		<property name="Delay" value="0.3"/> <!-- obsolete if rounds per minute exists -->
		<property name="Range" value="200"/>
		<property name="Infinite_ammo" value="true"/>
		<property name="Magazine_items" value="ZombieFeralMoePukerProjectile" />
		<property name="Sound_warning" value="moepukervomitwarning"/>
		<property name="Sound_start" value="hulkvomitattack2"/>
		<property name="Sound_repeat" value=""/>
		<property name="Sound_end" value=""/>
		<property name="Sound_empty" value=""/>
		<property name="Sound_reload" value=""/>
		<property name="Buff" value="buffInfectionCatch"/>
	</property>
		<effect_group name="meleeHandZombieFeralMoePuker" tiered="false">
		<passive_effect name="ModSlots" operation="base_set" value="0"/>
		<passive_effect name="DamageFalloffRange" operation="base_set" value="50"/>
		<passive_effect name="MaxRange" operation="base_set" value="100"/>
		<passive_effect name="MagazineSize" operation="base_set" value="4"/>
		<passive_effect name="BurstRoundCount" operation="base_set" value="2"/>
		<passive_effect name="SpreadDegreesVertical" operation="base_set" value="2"/>
		<passive_effect name="SpreadDegreesHorizontal" operation="base_set" value="4"/>
		<passive_effect name="SpreadMultiplierIdle" operation="base_set" value="1"/>
		<passive_effect name="BuffProcChance" operation="base_set" value="0.30" tags="buffInjuryBleedingZombie"/>
		<passive_effect name="BuffProcChance" operation="base_set" value="0.30" tags="buffInfectionCatch"/>
		<passive_effect name="BuffProcChance" operation="base_set" value="0.40" tags="buffInjuryStunned01"/>		
		<triggered_effect trigger="onSelfDamagedOther" action="ModifyCVar" target="other" cvar="infectionZombieHit" operation="set" value="60"/>		
	</effect_group>
</item>	

<item name="ZombieFeralMoePukerProjectile">
	<property name="Meshfile" value="#Other/Items?Weapons/Ranged/Vomit/vomitBulbPrefab.prefab"/>
	<property name="Material" value="Morganic"/>
	<property name="CreativeMode" value="None"/>
	<property class="Action1">
		<property name="Class" value="Projectile"/>
		<property name="DamageEntity" value="16"/>
		<property name="DamageBlock" value="100"/>
		<property name="Explosion.ParticleIndex" value="7"/>
		<property name="Explosion.RadiusBlocks" value="4"/> <!-- damage radius for blocks -->
		<property name="Explosion.BlockDamage" value="50"/> <!-- damage for blocks in the center of the explosion -->
		<property name="Explosion.RadiusEntities" value="4"/> <!-- damage radius for entities -->
		<property name="Explosion.EntityDamage" value="50"/> <!-- damage for entities in the center of the explosion. Zombies take 2x this damage. -->				
		<property name="Velocity" value="28"/>
		<property name="FlyTime" value="0.2"/>
		<property name="LifeTime" value="2"/>
		<property name="CollisionRadius" value="0.5"/>
		<property name="DamageBonus.stone" value="50"/>		
		<property name="DamageBonus.metal" value="50"/>			
		<property name="Buff" value="buffInfectionCatch"/>
	</property>
		<effect_group name="ZombieFeralMoePukerProjectile" tiered="false">
		<passive_effect name="ModSlots" operation="base_set" value="0"/>
		<passive_effect name="DamageModifier" operation="perc_set" value="1" tags="earth"/>
		<passive_effect name="DamageModifier" operation="perc_add" value="1" tags="metal"/>
		<passive_effect name="BuffProcChance" operation="base_set" value="0.60" tags="buffInfectionCatch"/>
		<triggered_effect trigger="onSelfDamagedOther" action="ModifyCVar" target="other" cvar="infectionZombieHit" operation="set" value="60"/>
	</effect_group>
</item>

<item name="meleehandZombieShocker">
	<property name="Extends" value="meleeHandMaster"/>
	<property name="CreativeMode" value="None"/>
	<property name="Degradation" value="99999" param1="true"/>
	<property class="Action0">
		<property name="Range" value="1.70"/>
		<property name="DamageEntity" value="13"/>
		<property name="DamageBlock" value="60"/>
		<property name="Buff" value="buffInjuryStunned01,buffShocked2"/>		
	</property>
	<property class="Action1"> <!-- UseAction -->
		<property name="Class" value="Vomit"/>
		<property name="Delay" value="0.3"/> <!-- obsolete if rounds per minute exists -->
		<property name="Range" value="200"/>
		<property name="Infinite_ammo" value="true"/>
		<property name="Magazine_items" value="ammoProjectileZombieElectricBolt"/>
		<property name="Sound_warning" value="shockervomitwarning"/>
		<property name="Sound_start" value="shockervomitattack"/>
		<property name="Buff" value="buffShocked2"/>
	</property>
		<effect_group name="meleehandZombieShocker" tiered="false">	
		<passive_effect name="ModSlots" operation="base_set" value="0"/>
		<passive_effect name="DamageFalloffRange" operation="base_set" value="50"/>
		<passive_effect name="MaxRange" operation="base_set" value="100"/>
		<passive_effect name="MagazineSize" operation="base_set" value="4"/>
		<passive_effect name="BurstRoundCount" operation="base_set" value="2"/>
		<passive_effect name="SpreadDegreesVertical" operation="base_set" value="5"/>
		<passive_effect name="SpreadDegreesHorizontal" operation="base_set" value="5"/>
		<passive_effect name="SpreadMultiplierIdle" operation="base_set" value="1"/>	
		<passive_effect name="BuffProcChance" operation="base_set" value="0.30" tags="buffInjuryStunned01"/>
		<passive_effect name="BuffProcChance" operation="base_set" value="0.70" tags="buffShocked2"/>		
	</effect_group>
</item>

<item name="ammoProjectileZombieElectricBolt">
	<property name="Meshfile" value="particleeffects/p_electric_shock"/>
	<property name="Material" value="Morganic" />
	<property name="CreativeMode" value="None"/>
	<property class="Action1">
		<property name="Class" value="Projectile"/>
		<property name="DamageEntity" value="18"/>
		<property name="DamageBlock" value="40"/>
		<property name="Explosion.ParticleIndex" value="1"/> <!-- which Prefab/particle is used -->
		<property name="Explosion.RadiusBlocks" value="3"/> <!-- damage radius for blocks -->
		<property name="Explosion.BlockDamage" value="45"/> <!-- damage for blocks in the center of the explosion -->
		<property name="Explosion.RadiusEntities" value="3"/> <!-- damage radius for entities -->
		<property name="Explosion.EntityDamage" value="50"/> <!-- damage for entities in the center of the explosion. Zombies take 2x this damage. -->		
		<property name="Velocity" value="15"/>
		<property name="FlyTime" value="2"/>
		<property name="LifeTime" value="4"/>
		<property name="DamageBonus.stone" value="50"/>		
		<property name="DamageBonus.metal" value="50"/>		
		<property name="CollisionRadius" value="0.5"/>
		<property name="Buff" value="buffShocked"/>
	</property>
		<effect_group name="ammoProjectileZombieElectricBolt" tiered="false">	
		<passive_effect name="DamageModifier" operation="perc_set" value="1" tags="earth"/>
		<passive_effect name="DamageModifier" operation="perc_add" value="1" tags="metal"/>
		<passive_effect name="BuffProcChance" operation="base_set" value="0.60" tags="buffShocked"/>
	</effect_group>	
</item>

<item name="meleeHandZombieScreamerBoss">
	<property name="Extends" value="meleeHandMaster"/>
	<property name="CreativeMode" value="None"/>
	<property class="Action0">
		<property name="Range" value="1.75"/>	
		<property name="DamageEntity" value="30"/>
		<property name="DamageBlock" value="400"/>
	</property>
	<property class="Action1"> <!-- Fire action -->
		<property name="Class" value="Vomit"/>
		<property name="Delay" value="0.3"/> <!-- obsolete if rounds per minute exists -->
		<property name="Range" value="200"/>
		<property name="Infinite_ammo" value="true"/>
		<property name="Magazine_items" value="ammoProjectileZombieScreamerVomit" />
		<property name="Sound_warning" value="sanguisvomitwarning"/>
		<property name="Sound_start" value="m136_fire"/>	
	</property>
		<effect_group name="meleeHandZombieScreamerBoss" tiered="false">
		<passive_effect name="ModSlots" operation="base_set" value="0"/>
		<passive_effect name="DamageFalloffRange" operation="base_set" value="50"/>
		<passive_effect name="MaxRange" operation="base_set" value="200"/>
		<passive_effect name="MagazineSize" operation="base_set" value="4"/>
		<passive_effect name="BurstRoundCount" operation="base_set" value="1"/>
		<passive_effect name="SpreadDegreesVertical" operation="base_set" value="3"/>
		<passive_effect name="SpreadDegreesHorizontal" operation="base_set" value="3"/>
		<passive_effect name="SpreadMultiplierIdle" operation="base_set" value="1"/>	
		<passive_effect name="BuffProcChance" operation="base_set" value="0.40" tags="buffInjuryBleedingZombie"/>
		<passive_effect name="BuffProcChance" operation="base_set" value="0.15" tags="buffInfectionCatch"/>
		<passive_effect name="BuffProcChance" operation="base_set" value="0.45" tags="buffInjuryStunned01"/>
		<triggered_effect trigger="onSelfDamagedOther" action="ModifyCVar" target="other" cvar="infectionZombieHit" operation="set" value="70"/>
	</effect_group>
</item>

<item name="ammoProjectileZombieScreamerVomit">
	<property name="Meshfile" value="#Other/Items?Weapons/Ranged/RocketLauncher/rocketPrefab"/>
	<property name="Material" value="Morganic" />	
	<property name="CreativeMode" value="None"/>
	<property class="Action1">
		<property name="Class" value="Projectile"/>	
		<property name="DamageEntity" value="30"/>
		<property name="DamageBlock" value="300"/>
		<property name="Velocity" value="12"/>
		<property name="FlyTime" value="8"/>
		<property name="LifeTime" value="8"/>	
		<property name="Explosion.ParticleIndex" value="4"/>
		<property name="Explosion.RadiusBlocks" value="4"/>
		<property name="Explosion.BlockDamage" value="280"/>
		<property name="Explosion.RadiusEntities" value="3"/>
		<property name="Explosion.EntityDamage" value="60"/>
		<property name="Explosion.DamageBonus.water" value="0"/>
		<property name="DamageBonus.stone" value="250"/>		
		<property name="DamageBonus.metal" value="250"/>
		<property name="DamageBonus.earth" value="100"/>				
	</property>
		<effect_group name="ammoProjectileZombieScreamerVomit" tiered="false">
		<passive_effect name="BuffProcChance" operation="base_set" value="0.01" tags="buffInfectionCatch"/>
		<triggered_effect trigger="onSelfDamagedOther" action="ModifyCVar" target="other" cvar="infectionZombieHit" operation="set" value="70"/>
	</effect_group>
</item>

<item name="meleehandZombieGunner">
	<property name="Extends" value="meleeHandMaster"/>
	<property name="CreativeMode" value="None"/>
	<property name="Degradation" value="99999" param1="true"/>
	<property class="Action0">
		<property name="Range" value="2.1"/>
		<property name="DamageEntity" value="18"/>
		<property name="DamageBlock" value="365"/>
		<property name="Buff" value="buffArmBroken,buffInjuryStunned01"/>		
	</property>
	<property class="Action1"> <!-- UseAction -->
		<property name="Class" value="Vomit"/>
		<property name="Delay" value="0.2"/> <!-- obsolete if rounds per minute exists -->
		<property name="Range" value="200"/>
		<property name="Infinite_ammo" value="true"/>
		<property name="Magazine_items" value="GunVomitProjectile"/>
		<property name="Sound_warning" value="gunnervomitwarning"/>
		<property name="Sound_start" value="ak47_fire"/>
		<property name="Sound_end" value="ak47_fire_end"/>			
		<property name="Buff" value="buffInjuryBleedingZombie,buffInjuryStunned01"/>
	</property>
<effect_group name="meleehandZombieGunner" tiered="false">
		<passive_effect name="ModSlots" operation="base_set" value="0"/>	
		<passive_effect name="DamageFalloffRange" operation="base_set" value="50"/>
		<passive_effect name="MaxRange" operation="base_set" value="100"/>
		<passive_effect name="MagazineSize" operation="base_set" value="42"/>
		<passive_effect name="BurstRoundCount" operation="base_set" value="4"/>
		<passive_effect name="SpreadDegreesVertical" operation="base_set" value="3"/>
		<passive_effect name="SpreadDegreesHorizontal" operation="base_set" value="5"/>
		<passive_effect name="SpreadMultiplierIdle" operation="base_set" value="1"/>
		<passive_effect name="BuffProcChance" operation="base_set" value=".45" tags="buffArmBroken"/>
		<passive_effect name="BuffProcChance" operation="base_set" value=".25" tags="buffInjuryStunned01"/>	
	</effect_group>
</item>	

<item name="GunVomitProjectile">
	<property name="Meshfile" value="Entities/Electrical/steel_dartPrefab"/>
	<property name="Material" value="Morganic" />
	<property name="CreativeMode" value="None"/>
	<property class="Action1">
		<property name="Class" value="Projectile"/>	
		<property name="Gravity" value="-3"/>		
		<property name="DamageEntity" value="6"/>
		<property name="DamageBlock" value="2"/>			
		<property name="Velocity" value="15"/>
		<property name="FlyTime" value="3"/>
		<property name="LifeTime" value="5"/>
		<property name="DamageBonus.earth" value="4"/>
		<property name="DamageBonus.wood" value="0"/>			
		<property name="DamageBonus.stone" value="0"/>		
		<property name="DamageBonus.metal" value="1"/>		
		<property name="CollisionRadius" value="0.5"/>
		<property name="Buff" value="buffInjuryBleedingZombie,buffInjuryStunnedX"/>
	</property>
<effect_group name="GunVomitProjectile" tiered="false">
		<passive_effect name="DamageModifier" operation="perc_set" value="1" tags="earth"/>
		<passive_effect name="DamageModifier" operation="perc_add" value="1" tags="metal"/>
		<passive_effect name="BuffProcChance" operation="base_set" value="0.40" tags="buffInjuryBleedingZombie"/>
		<passive_effect name="BuffProcChance" operation="base_set" value="0.60" tags="buffInjuryStunnedX"/>		
	</effect_group>	
</item>		

<item name="meleehandZombieElf">
	<property name="Extends" value="meleeHandMaster"/>
	<property name="CreativeMode" value="None"/>
	<property name="Degradation" value="99999" param1="true"/>
	<property class="Action0">
		<property name="Range" value="1.80"/>
		<property name="DamageEntity" value="18"/>
		<property name="DamageBlock" value="60"/>
		<property name="Buff" value="buffBurningMolotov,buffInjuryStunned01"/>		
	</property>
	<property class="Action1"> <!-- UseAction -->
		<property name="Class" value="Vomit"/>
		<property name="Delay" value="0.3"/> <!-- obsolete if rounds per minute exists -->
		<property name="Range" value="200"/>	
		<property name="Infinite_ammo" value="true"/>
		<property name="Magazine_items" value="ArrowVomitProjectile"/>
		<property name="Sound_warning" value="bow_draw"/>
		<property name="Sound_start" value="bow_fire"/>
		<property name="Sound_end" value=""/>				
		<property name="Buff" value="buffBurningMolotov,buffInjuryStunned01"/>
	</property>
<effect_group name="meleehandZombieElf" tiered="false">
		<passive_effect name="ModSlots" operation="base_set" value="0"/>
		<passive_effect name="DamageFalloffRange" operation="base_set" value="50"/>
		<passive_effect name="MaxRange" operation="base_set" value="100"/>
		<passive_effect name="MagazineSize" operation="base_set" value="60"/>
		<passive_effect name="BurstRoundCount" operation="base_set" value="4"/>
		<passive_effect name="SpreadDegreesVertical" operation="base_set" value="3"/>
		<passive_effect name="SpreadDegreesHorizontal" operation="base_set" value="6"/>
		<passive_effect name="SpreadMultiplierIdle" operation="base_set" value="1"/>
		<passive_effect name="BuffProcChance" operation="base_set" value="0.65" tags="buffBurningMolotov"/>
		<passive_effect name="BuffProcChance" operation="base_set" value="0.35" tags="buffInjuryStunned01"/>			
	</effect_group>
</item>	

<item name="ArrowVomitProjectile">
	<property name="Meshfile" value="#Other/Items?Weapons/Ranged/Bows/WoodenBow/flamingArrowPrefab.prefab"/>
	<property name="Material" value="Morganic" />
	<property name="CreativeMode" value="None"/>
	<property class="Action1">
		<property name="Class" value="Projectile"/>	
		<property name="Gravity" value="-5"/>		
		<property name="DamageEntity" value="7"/>
		<property name="DamageBlock" value="25"/>			
		<property name="Velocity" value="16"/>
		<property name="FlyTime" value="5"/>
		<property name="LifeTime" value="5"/>
		<property name="DamageBonus.earth" value="15"/>
		<property name="DamageBonus.wood" value="70"/>			
		<property name="DamageBonus.stone" value="5"/>		
		<property name="DamageBonus.metal" value="4"/>		
		<property name="CollisionRadius" value="0.5"/>
		<property name="Buff" value="buffBurningMolotov"/>
	</property>
<effect_group name="ArrowVomitProjectile" tiered="false">
		<passive_effect name="DamageModifier" operation="perc_set" value="1" tags="earth"/>
		<passive_effect name="DamageModifier" operation="perc_add" value="1" tags="metal"/>
		<passive_effect name="DamageModifier" operation="perc_add" value="1" tags="wood"/>		
		<passive_effect name="BuffProcChance" operation="base_set" value="0.70" tags="buffBurningMolotov"/>	
	</effect_group>	
</item>	

<!-- AquaZed -->
<item name="meleehandZombieAqua">
	<property name="Extends" value="meleeHandMaster"/>
	<property name="CreativeMode" value="None"/>
	<property name="Degradation" value="99999" param1="true"/>
	<property class="Action0">
		<property name="Range" value="1.75"/>
		<property name="DamageEntity" value="10"/>
		<property name="DamageBlock" value="40"/>
		<property name="Buff" value="buffExtinguishFire"/>		
	</property>
	<property class="Action1"> <!-- UseAction -->
		<property name="Class" value="Vomit"/>
		<property name="Delay" value="0.3"/> <!-- obsolete if rounds per minute exists -->
		<property name="Range" value="200"/>
		<property name="Infinite_ammo" value="true"/>
		<property name="Magazine_items" value="ZombieVomitAquaProjectile" />
		<property name="Sound_warning" value="player2drowndeath"/>
		<property name="Sound_start" value="player2drownsurface"/>
		<property name="Sound_repeat" value=""/>
		<property name="Sound_end" value=""/>
		<property name="Sound_empty" value=""/>
		<property name="Sound_reload" value=""/>
		<property name="Buff" value="buffExtinguishFire"/>
	</property>
<effect_group name="meleehandZombieAqua" tiered="false">
		<passive_effect name="ModSlots" operation="base_set" value="0"/>
		<passive_effect name="DamageFalloffRange" operation="base_set" value="50"/>
		<passive_effect name="MaxRange" operation="base_set" value="120"/>
		<passive_effect name="MagazineSize" operation="base_set" value="5"/>
		<passive_effect name="BurstRoundCount" operation="base_set" value="2"/>
		<passive_effect name="SpreadDegreesVertical" operation="base_set" value="2"/>
		<passive_effect name="SpreadDegreesHorizontal" operation="base_set" value="4"/>
		<passive_effect name="SpreadMultiplierIdle" operation="base_set" value="1"/>
		<passive_effect name="BuffProcChance" operation="base_set" value="0.78" tags="buffExtinguishFire"/>	
	</effect_group>
</item>	

<item name="ZombieVomitAquaProjectile">
	<property name="Meshfile" value="particleeffects/p_blockdestroy_water"/>
	<property name="Material" value="Morganic"/>
	<property name="CreativeMode" value="None"/>
	<property class="Action1">
		<property name="Class" value="Projectile"/>
		<property name="DamageEntity" value="2"/>
		<property name="DamageBlock" value="15"/>
		<property name="Explosion.ParticleIndex" value="0"/>
		<property name="Velocity" value="19"/>
		<property name="FlyTime" value="2"/>
		<property name="LifeTime" value="4"/>
		<property name="CollisionRadius" value="0.5"/>
		<property name="DamageBonus.earth" value="10"/>
		<property name="DamageBonus.stone" value="2"/>		
		<property name="DamageBonus.metal" value="1"/>		
		<property name="Buff" value="buffDrowning04"/>		
	</property>
<effect_group name="ZombieVomitAquaProjectile" tiered="false">
		<passive_effect name="ModSlots" operation="base_set" value="0"/>
		<passive_effect name="DamageModifier" operation="perc_set" value="1" tags="earth"/>
		<passive_effect name="DamageModifier" operation="perc_add" value="1" tags="metal"/>	
		<passive_effect name="BuffProcChance" operation="base_set" value="0.78" tags="buffDrowning04"/>
	</effect_group>
</item>	

<!-- Fat zombie cop -->
<item name="meleeHandZombieCop2">
	<property name="Extends" value="meleeHandMaster"/>
	<property name="CreativeMode" value="None"/>
	<property name="Degradation" value="99999" param1="true"/>
	<property class="Action0">
		<property name="Range" value="1.75"/>
		<property name="DamageEntity" value="20"/>
		<property name="DamageBlock" value="100"/>
		<property name="Buff" value="buffArmBroken,buffInjuryStunned01"/>
	</property>
	<property class="Action1"> <!-- UseAction -->
		<property name="Class" value="Vomit"/>
		<property name="Hitmask_override" value="Arrow"/>
		<property name="Delay" value=".3"/> <!-- obsolete if rounds per minute exists -->
		<property name="Range" value="200"/>
		<property name="Infinite_ammo" value="true"/>
		<property name="Magazine_items" value="ammoProjectileZombieVomit"/>
		<property name="Sound_warning" value="hulkvomitwarning"/>
		<property name="Sound_start" value="hulkvomitattack"/>
		<property name="Sound_repeat" value=""/>
		<property name="Sound_end" value=""/>
		<property name="Sound_empty" value=""/>
		<property name="Sound_reload" value=""/>
		<property name="Buff" value="buffInfectionCatch"/>
	</property>
	<effect_group name="meleeHandZombieCop2" tiered="false">
		<passive_effect name="ModSlots" operation="base_set" value="0"/>
		<!--<passive_effect name="AttacksPerMinute" operation="base_set" value="75"/>  A16 .8 -->
		<passive_effect name="DamageFalloffRange" operation="base_set" value="50"/>
		<passive_effect name="MaxRange" operation="base_set" value="100"/>
		<passive_effect name="MagazineSize" operation="base_set" value="2"/>
		<passive_effect name="BurstRoundCount" operation="base_set" value="1"/>
		<passive_effect name="SpreadDegreesVertical" operation="base_set" value="2"/>
		<passive_effect name="SpreadDegreesHorizontal" operation="base_set" value="4"/>
		<passive_effect name="SpreadMultiplierIdle" operation="base_set" value="1"/>
		<passive_effect name="BuffProcChance" operation="base_set" value=".35" tags="buffArmBroken"/>
		<passive_effect name="BuffProcChance" operation="base_set" value=".20" tags="buffInjuryStunned01"/>
	</effect_group>		
</item>

<!-- Fat zombie cop feral -->
<item name="meleeHandZombieCopFeral2">
	<property name="Extends" value="meleeHandZombieCop2"/>
	<property name="CreativeMode" value="None"/>
	<property class="Action0">
		<property name="DamageEntity" value="40"/>
		<property name="DamageBlock" value="200"/>
	</property>
	<property class="Action1"> <!-- Fire action -->
		<property name="Magazine_items" value="ammoProjectileZombieVomitFeral"/>
	</property>
	<effect_group name="meleeHandZombieCopFeral" tiered="false">
		<!--<passive_effect name="AttacksPerMinute" operation="base_set" value="75"/>  A16 .8 -->
		<passive_effect name="MagazineSize" operation="base_set" value="3"/>
		<passive_effect name="BurstRoundCount" operation="base_set" value="3"/>
		<passive_effect name="SpreadDegreesVertical" operation="base_set" value="4"/>
		<passive_effect name="SpreadDegreesHorizontal" operation="base_set" value="10"/>
		<passive_effect name="BuffProcChance" operation="base_set" value=".35" tags="buffArmBroken"/>
		<passive_effect name="BuffProcChance" operation="base_set" value=".20" tags="buffInjuryStunned01"/>
	</effect_group>
</item>

<!-- Fat zombie cop radiated -->
<item name="meleeHandZombieCopRadiated2">
	<property name="Extends" value="meleeHandZombieCopFeral2"/>
	<property name="CreativeMode" value="None"/>
	<property class="Action1">
		<property name="Magazine_items" value="ammoProjectileZombieVomitRadiated"/>
	</property>
	<effect_group name="meleeHandZombieCopRadiated" tiered="false">
		<!--<passive_effect name="AttacksPerMinute" operation="base_set" value="75"/>  A16 .8 -->
		<passive_effect name="MagazineSize" operation="base_set" value="4"/>
		<passive_effect name="BurstRoundCount" operation="base_set" value="6"/>
		<passive_effect name="SpreadDegreesVertical" operation="base_set" value="10"/>
		<passive_effect name="SpreadDegreesHorizontal" operation="base_set" value="40"/>
		<passive_effect name="BuffProcChance" operation="base_set" value=".35" tags="buffArmBroken"/>
		<passive_effect name="BuffProcChance" operation="base_set" value=".20" tags="buffInjuryStunned01"/>
	</effect_group>
</item>

</append>
	
</configs>