<configs>
<append xpath="/recipes">

<recipe name="resourceHematite" count="1" material_based="true" craft_area="forge">
	<ingredient name="unit_iron" count="4"/>
</recipe>

<recipe name="drugAntibioticsAmoxil" count="4" craft_area="chemistryStation" tags="learnable,perkYeahScience,chemStationCrafting">
	<ingredient name="AmoxilIngredientParts1" count="1"/>
	<ingredient name="AmoxilIngredientParts2" count="1"/>	
</recipe>

<recipe name="AmoxilIngredientParts1" count="1" craft_area="chemistryStation" tags="learnable,perkYeahScience,chemStationCrafting">
	<ingredient name="plantedPumpkin1" count="3"/>
	<ingredient name="foodCornMeal" count="1"/>	
	<ingredient name="resourceAnimalFat" count="1"/>
	<ingredient name="foodCanChicken" count="1"/>
	<ingredient name="drinkJarBeer" count="1"/>	
</recipe>

<recipe name="AmoxilIngredientParts2" count="1" craft_area="chemistryStation" tags="learnable,perkYeahScience,chemStationCrafting">
	<ingredient name="resourceBone" count="1"/>
	<ingredient name="foodRawMeat" count="1"/>	
	<ingredient name="resourceHematite" count="1"/>
	<ingredient name="drinkJarYuccaJuice" count="1"/>
</recipe>
</append>
</configs>