<configs>
<set xpath="/Sounds/SoundDataNode[@name='electric_arc_lp']/MaxVoices/@value">0</set>
<set xpath="/Sounds/SoundDataNode[@name='explosion1']/AudioClip/@ClipName">#@modfolder:Resources/explosions.unity3d?explosion1</set><!-- lowered the volume -->
<set xpath="/Sounds/SoundDataNode[@name='explosion2']/AudioClip/@ClipName">#@modfolder:Resources/explosions.unity3d?explosion2</set><!-- lowered the volume -->
<set xpath="/Sounds/SoundDataNode[@name='explosion3']/AudioClip/@ClipName">#@modfolder:Resources/explosions.unity3d?explosion3</set><!-- lowered the volume -->
<set xpath="/Sounds/SoundDataNode[@name='explosion_charge']/AudioClip/@ClipName">#@modfolder:Resources/explosions.unity3d?explosion_charge1</set><!-- lowered the volume -->
<set xpath="/Sounds/SoundDataNode[@name='explosion_charge']/AudioClip/@ClipName">#@modfolder:Resources/explosions.unity3d?explosion_charge2</set><!-- lowered the volume -->
<set xpath="/Sounds/SoundDataNode[@name='explosion_body']/AudioClip/@ClipName">#@modfolder:Resources/explosions.unity3d?explosion_body1</set><!-- lowered the volume -->
<set xpath="/Sounds/SoundDataNode[@name='explosion_body']/AudioClip/@ClipName">#@modfolder:Resources/explosions.unity3d?explosion_body2</set><!-- lowered the volume -->
<set xpath="/Sounds/SoundDataNode[@name='explosion_body']/AudioClip/@ClipName">#@modfolder:Resources/explosions.unity3d?explosion_body3</set> <!-- lowered the volume -->
<set xpath="/Sounds/SoundDataNode[@name='molotov_explosion']/AudioClip/@ClipName">#@modfolder:Resources/explosions.unity3d?molotov_explode1</set> <!-- changed sound to match Burningmans vomit fire blazing effect -->
<set xpath="/Sounds/SoundDataNode[@name='molotov_explosion']/AudioClip/@ClipName">#@modfolder:Resources/explosions.unity3d?molotov_explode2</set> <!-- -->
<set xpath="/Sounds/SoundDataNode[@name='molotov_explosion']/AudioClip/@ClipName">#@modfolder:Resources/explosions.unity3d?molotov_explode3</set> <!-- -->


<append xpath="/Sounds">

<SoundDataNode name="anacondaalert"> <AudioSource name="Sounds/AudioSource_CreatureSenseAlert"/>
	<Noise ID="2" noise="11" time="3" muffled_when_crouched="0.5"/>
	<AudioClip ClipName="#@modfolder:Resources/robelotozombiesounds.unity3d?anacondaalert1"/>
	<AudioClip ClipName="#@modfolder:Resources/robelotozombiesounds.unity3d?anacondaalert2"/>	
	<Channel name="Mouth"/>
	<Priority name="3"/>
	<maxVoicesPerEntity value="1"/>
  <LowestPitch name="0.9"/>
  <HighestPitch name="1.0"/>
	<LocalCrouchVolumeScale value="1.0"/> <CrouchNoiseScale value="0.5"/> <NoiseScale value="1"/> <MaxVoices value="10"/> <MaxRepeatRate value="0.9"/>
		</SoundDataNode>

<SoundDataNode name="anacondasense"> <AudioSource name="Sounds/AudioSource_CreatureSenseAlert"/>
	<Noise ID="2" noise="11" time="3" muffled_when_crouched="0.5"/>
	<AudioClip ClipName="#@modfolder:Resources/robelotozombiesounds.unity3d?anacondasense1"/>
	<AudioClip ClipName="#@modfolder:Resources/robelotozombiesounds.unity3d?anacondasense2"/>
	<Channel name="Mouth"/>
	<Priority name="4"/>
	<maxVoicesPerEntity value="1"/>
  <LowestPitch name="0.9"/>
  <HighestPitch name="1.0"/>
	<LocalCrouchVolumeScale value="1.0"/> <CrouchNoiseScale value="0.5"/> <NoiseScale value="1"/> <MaxVoices value="10"/> <MaxRepeatRate value="0.9"/>
		</SoundDataNode>

<SoundDataNode name="anacondapain"> <AudioSource name="Sounds/AudioSource_CreatureSenseAlert"/>
	<Noise ID="2" noise="11" time="3" muffled_when_crouched="0.5"/>
	<AudioClip ClipName="#@modfolder:Resources/robelotozombiesounds.unity3d?anacondapain1"/>
	<AudioClip ClipName="#@modfolder:Resources/robelotozombiesounds.unity3d?anacondapain2"/>	
	<Channel name="Mouth"/>
	<Priority name="1"/>
	<maxVoicesPerEntity value="1"/>
  <LowestPitch name="0.9"/>
  <HighestPitch name="1.0"/>
	<LocalCrouchVolumeScale value="1.0"/> <CrouchNoiseScale value="0.5"/> <NoiseScale value="1"/> <MaxVoices value="10"/> <MaxRepeatRate value="0.9"/>
		</SoundDataNode>

<SoundDataNode name="anacondaattack"> <AudioSource name="Sounds/AudioSource_Creatures"/>
	<Noise ID="2" noise="11" time="3" muffled_when_crouched="0.5"/>
	<AudioClip ClipName="#@modfolder:Resources/robelotozombiesounds.unity3d?anacondaattack1"/>
	<AudioClip ClipName="#@modfolder:Resources/robelotozombiesounds.unity3d?anacondaattack2"/>
	<AudioClip ClipName="#@modfolder:Resources/robelotozombiesounds.unity3d?anacondaattack3"/>	
	<Channel name="Mouth"/>
	<Priority name="2"/>
	<maxVoicesPerEntity value="1"/>
  <LowestPitch name="0.9"/>
  <HighestPitch name="1.0"/>
	<LocalCrouchVolumeScale value="1.0"/> <CrouchNoiseScale value="0.5"/> <NoiseScale value="1"/> <MaxVoices value="10"/> <MaxRepeatRate value="0.9"/>
		</SoundDataNode>

<SoundDataNode name="anacondaroam"> <AudioSource name="Sounds/AudioSource_CreatureSenseAlert"/>
	<Noise ID="2" noise="11" time="3" muffled_when_crouched="0.5"/>
	<AudioClip ClipName="#@modfolder:Resources/robelotozombiesounds.unity3d?anacondaroam1"/>
	<AudioClip ClipName="#@modfolder:Resources/robelotozombiesounds.unity3d?anacondaroam2"/>	
	<Channel name="Mouth"/>
	<Priority name="5"/>
	<maxVoicesPerEntity value="1"/>
  <LowestPitch name="0.9"/>
  <HighestPitch name="1.0"/>
	<LocalCrouchVolumeScale value="1.0"/> <CrouchNoiseScale value="0.5"/> <NoiseScale value="1"/> <MaxVoices value="10"/> <MaxRepeatRate value="0.9"/>
		</SoundDataNode>


<SoundDataNode name="anesthesiavomitattack"> <AudioSource name="Sounds/AudioSource_Creatures"/>
	<AudioClip ClipName="#@modfolder:Resources/robelotozombiesounds.unity3d?anesthesiavomitattack1"/>
	<Channel name="Mouth"/>
	<Priority name="2"/>
  <LowestPitch name="0.95"/>
  <HighestPitch name="1.05"/>
	<LocalCrouchVolumeScale value="1.0"/> <CrouchNoiseScale value="0.5"/> <NoiseScale value="1"/> <MaxVoices value="10"/> <MaxRepeatRate value="1.8"/> 
	</SoundDataNode>

<SoundDataNode name="anesthesiavomitwarning"> <AudioSource name="Sounds/AudioSource_Pain"/>
	<AudioClip ClipName="#@modfolder:Resources/robelotozombiesounds.unity3d?anesthesiavomitwarning1"/>
	<Channel name="Mouth"/>
	<Priority name="3"/>
	<maxVoicesPerEntity value="1"/>
  <LowestPitch name="0.95"/>
  <HighestPitch name="1.05"/>
	<LocalCrouchVolumeScale value="1.0"/> <CrouchNoiseScale value="0.5"/> <NoiseScale value="1"/> <MaxVoices value="10"/> <MaxRepeatRate value="1.111"/> 
	</SoundDataNode>	
	
<SoundDataNode name="animalflyalert"> <AudioSource name="Sounds/AudioSource_CreatureSenseAlert"/>
	<Noise ID="2" noise="11" time="3" muffled_when_crouched="0.5"/>
	<AudioClip ClipName="#@modfolder:Resources/robelotozombiesounds.unity3d?animalflyalert"/>
	<Channel name="Mouth"/>
	<Priority name="3"/>
	<maxVoicesPerEntity value="1"/>
  <LowestPitch name="0.9"/>
  <HighestPitch name="1.0"/>
	<LocalCrouchVolumeScale value="1.0"/> <CrouchNoiseScale value="0.5"/> <NoiseScale value="1"/> <MaxVoices value="10"/> <MaxRepeatRate value="0.9"/>
		</SoundDataNode>

<SoundDataNode name="animalflyattack"> <AudioSource name="Sounds/AudioSource_Creatures"/>
	<Noise ID="1" noise="7" time="3" muffled_when_crouched="0.5"/>
	<AudioClip ClipName="#@modfolder:Resources/robelotozombiesounds.unity3d?animalflyattack"/>
	<Channel name="Mouth"/>
	<Priority name="2"/>
	<maxVoicesPerEntity value="1"/>
  <LowestPitch name="0.9"/>
  <HighestPitch name="1.0"/>
	<LocalCrouchVolumeScale value="1.0"/> <CrouchNoiseScale value="0.5"/> <NoiseScale value="1"/> <MaxVoices value="10"/> <MaxRepeatRate value="0.9"/>
		</SoundDataNode>

<SoundDataNode name="animalflypain"> <AudioSource name="Sounds/AudioSource_Pain"/>
	<Noise ID="2" noise="11" time="3" muffled_when_crouched="0.5"/>
	<AudioClip ClipName="#@modfolder:Resources/robelotozombiesounds.unity3d?animalflyhurt"/>
	<Channel name="Mouth"/>
	<Priority name="1"/>
	<maxVoicesPerEntity value="1"/>
  <LowestPitch name="0.9"/>
  <HighestPitch name="1.0"/>
	<LocalCrouchVolumeScale value="1.0"/> <CrouchNoiseScale value="0.5"/> <NoiseScale value="1"/> <MaxVoices value="10"/> <MaxRepeatRate value="0.9"/> 
		</SoundDataNode>

<SoundDataNode name="animalflyroam"> <AudioSource name="Sounds/AudioSource_Creatures"/>
	<Noise ID="1" noise="7" time="3" muffled_when_crouched="0.5"/>
	<AudioClip ClipName="#@modfolder:Resources/robelotozombiesounds.unity3d?animalflyroam"/>
	<Channel name="Mouth"/>
	<Priority name="6"/>
	<maxVoicesPerEntity value="1"/>
  <LowestPitch name="0.9"/>
  <HighestPitch name="1.0"/>
	<LocalCrouchVolumeScale value="1.0"/> <CrouchNoiseScale value="0.5"/> <NoiseScale value="1"/> <MaxVoices value="10"/> <MaxRepeatRate value="0.9"/> 
		</SoundDataNode>

<SoundDataNode name="animalflysense"> <AudioSource name="Sounds/AudioSource_CreatureSenseAlert"/>
	<Noise ID="3" noise="30" time="3" muffled_when_crouched="0.65" heat_map_strength="0.05" heat_map_time="60"/>
	<AudioClip ClipName="#@modfolder:Resources/robelotozombiesounds.unity3d?animalflysense"/>
	<Channel name="Mouth"/>
	<Priority name="5"/>
	<maxVoicesPerEntity value="1"/>
  <LowestPitch name="0.9"/>
  <HighestPitch name="1.0"/>
	<LocalCrouchVolumeScale value="1.0"/> <CrouchNoiseScale value="0.5"/> <NoiseScale value="1"/> <MaxVoices value="10"/> <MaxRepeatRate value="0.9"/> 
		</SoundDataNode>
		
<SoundDataNode name="burningmanvomitattack"> <AudioSource name="Sounds/AudioSource_Creatures"/>
	<AudioClip ClipName="#@modfolder:Resources/robelotozombiesounds.unity3d?burningmanvomitattack1"/>
	<Channel name="Mouth"/>
	<Priority name="2"/>
  <LowestPitch name="0.95"/>
  <HighestPitch name="1.05"/>
	<LocalCrouchVolumeScale value="1.0"/> <CrouchNoiseScale value="0.5"/> <NoiseScale value="1"/> <MaxVoices value="10"/> <MaxRepeatRate value="1.8"/> 
	</SoundDataNode>

<SoundDataNode name="firebossvomitattack"> <AudioSource name="Sounds/AudioSource_Creatures"/>
	<AudioClip ClipName="#@modfolder:Resources/robelotozombiesounds.unity3d?firebossvomitattack1"/>
	<Channel name="Mouth"/>
	<Priority name="2"/>
  <LowestPitch name="0.95"/>
  <HighestPitch name="1.05"/>
	<LocalCrouchVolumeScale value="1.0"/> <CrouchNoiseScale value="0.5"/> <NoiseScale value="1"/> <MaxVoices value="10"/> <MaxRepeatRate value="1.8"/> 
	</SoundDataNode>

<SoundDataNode name="hulkvomitattack2"> <AudioSource name="Sounds/AudioSource_Creatures"/>
	<AudioClip ClipName="#@modfolder:Resources/robelotozombiesounds.unity3d?hulkvomitattack1"/>
	<AudioClip ClipName="#@modfolder:Resources/robelotozombiesounds.unity3d?hulkvomitattack2"/>
	<AudioClip ClipName="#@modfolder:Resources/robelotozombiesounds.unity3d?hulkvomitattack3"/>
	<Channel name="Mouth"/>
	<Priority name="2"/>
  <LowestPitch name="0.95"/>
  <HighestPitch name="1.05"/>
	<LocalCrouchVolumeScale value="1.0"/> <CrouchNoiseScale value="0.5"/> <NoiseScale value="1"/> <MaxVoices value="10"/> <MaxRepeatRate value="1.8"/> 
	</SoundDataNode>
	
<SoundDataNode name="gunnervomitwarning"> <AudioSource name="Sounds/AudioSource_Creatures"/>
	<AudioClip ClipName="#@modfolder:Resources/robelotozombiesounds.unity3d?gunnervomitwarning1"/>
	<Channel name="Mouth"/>
	<Priority name="3"/>
  <LowestPitch name="0.95"/>
  <HighestPitch name="1.05"/>
	<LocalCrouchVolumeScale value="1.0"/> <CrouchNoiseScale value="0.5"/> <NoiseScale value="1"/> <MaxVoices value="10"/> <MaxRepeatRate value="1.8"/> 
	</SoundDataNode>		
	
<SoundDataNode name="gunneralert"> <AudioSource name="Sounds/AudioSource_CreatureSenseAlert"/>
	<Noise ID="2" noise="11" time="3" muffled_when_crouched="0.5"/>
	<AudioClip ClipName="#@modfolder:Resources/robelotozombiesounds.unity3d?gunneralert1"/>
	<AudioClip ClipName="#@modfolder:Resources/robelotozombiesounds.unity3d?gunneralert2"/>
	<AudioClip ClipName="#@modfolder:Resources/robelotozombiesounds.unity3d?gunneralert3"/>	
	<Channel name="Mouth"/>
	<Priority name="3"/>
	<maxVoicesPerEntity value="1"/>
  <LowestPitch name="0.9"/>
  <HighestPitch name="1.0"/>
	<LocalCrouchVolumeScale value="1.0"/> <CrouchNoiseScale value="0.5"/> <NoiseScale value="1"/> <MaxVoices value="10"/> <MaxRepeatRate value="0.9"/>
		</SoundDataNode>

<SoundDataNode name="gunnersense"> <AudioSource name="Sounds/AudioSource_CreatureSenseAlert"/>
	<Noise ID="2" noise="11" time="3" muffled_when_crouched="0.5"/>
	<AudioClip ClipName="#@modfolder:Resources/robelotozombiesounds.unity3d?gunnersense1"/>
	<AudioClip ClipName="#@modfolder:Resources/robelotozombiesounds.unity3d?gunnersense2"/>
	<AudioClip ClipName="#@modfolder:Resources/robelotozombiesounds.unity3d?gunnersense3"/>	
	<Channel name="Mouth"/>
	<Priority name="5"/>
	<maxVoicesPerEntity value="1"/>
  <LowestPitch name="0.9"/>
  <HighestPitch name="1.0"/>
	<LocalCrouchVolumeScale value="1.0"/> <CrouchNoiseScale value="0.5"/> <NoiseScale value="1"/> <MaxVoices value="10"/> <MaxRepeatRate value="0.9"/>
		</SoundDataNode>

<SoundDataNode name="gunnerpain"> <AudioSource name="Sounds/AudioSource_Sounds/AudioSource_Pain"/>
	<Noise ID="2" noise="11" time="3" muffled_when_crouched="0.5"/>
	<AudioClip ClipName="#@modfolder:Resources/robelotozombiesounds.unity3d?gunnerpain1"/>
	<AudioClip ClipName="#@modfolder:Resources/robelotozombiesounds.unity3d?gunnerpain2"/>
	<AudioClip ClipName="#@modfolder:Resources/robelotozombiesounds.unity3d?gunnerpain3"/>	
	<Channel name="Mouth"/>
	<Priority name="3"/>
	<maxVoicesPerEntity value="1"/>
  <LowestPitch name="0.9"/>
  <HighestPitch name="1.0"/>
	<LocalCrouchVolumeScale value="1.0"/> <CrouchNoiseScale value="0.5"/> <NoiseScale value="1"/> <MaxVoices value="10"/> <MaxRepeatRate value="0.9"/>
		</SoundDataNode>

<SoundDataNode name="gunnerattack"> <AudioSource name="Sounds/AudioSource_Creatures"/>
	<Noise ID="2" noise="11" time="3" muffled_when_crouched="0.5"/>
	<AudioClip ClipName="#@modfolder:Resources/robelotozombiesounds.unity3d?gunnerattack1"/>
	<AudioClip ClipName="#@modfolder:Resources/robelotozombiesounds.unity3d?gunnerattack2"/>
	<AudioClip ClipName="#@modfolder:Resources/robelotozombiesounds.unity3d?gunnerattack3"/>	
	<Channel name="Mouth"/>
	<Priority name="3"/>
	<maxVoicesPerEntity value="1"/>
  <LowestPitch name="0.9"/>
  <HighestPitch name="1.0"/>
	<LocalCrouchVolumeScale value="1.0"/> <CrouchNoiseScale value="0.5"/> <NoiseScale value="1"/> <MaxVoices value="10"/> <MaxRepeatRate value="0.9"/>
		</SoundDataNode>
		
<SoundDataNode name="gunnerroam"> <AudioSource name="Sounds/AudioSource_CreatureSenseAlert"/>
	<Noise ID="2" noise="11" time="3" muffled_when_crouched="0.5"/>
	<AudioClip ClipName="#@modfolder:Resources/robelotozombiesounds.unity3d?gunnerroam1"/>
	<AudioClip ClipName="#@modfolder:Resources/robelotozombiesounds.unity3d?gunnerroam2"/>
	<Channel name="Mouth"/>
	<Priority name="6"/>
	<maxVoicesPerEntity value="1"/>
  <LowestPitch name="0.9"/>
  <HighestPitch name="1.0"/>
	<LocalCrouchVolumeScale value="1.0"/> <CrouchNoiseScale value="0.5"/> <NoiseScale value="1"/> <MaxVoices value="10"/> <MaxRepeatRate value="0.9"/>
		</SoundDataNode>
		

<SoundDataNode name="giantalert"> <AudioSource name="Sounds/AudioSource_CreatureSenseAlert"/>
	<Noise ID="2" noise="11" time="3" muffled_when_crouched="0.5"/>
	<AudioClip ClipName="#@modfolder:Resources/robelotozombiesounds.unity3d?giantalert1"/>
	<AudioClip ClipName="#@modfolder:Resources/robelotozombiesounds.unity3d?giantalert2"/>
	<AudioClip ClipName="#@modfolder:Resources/robelotozombiesounds.unity3d?giantalert3"/>	
	<Channel name="Mouth"/>
	<Priority name="3"/>
	<maxVoicesPerEntity value="1"/>
  <LowestPitch name="0.9"/>
  <HighestPitch name="1.0"/>
	<LocalCrouchVolumeScale value="1.0"/> <CrouchNoiseScale value="0.5"/> <NoiseScale value="1"/> <MaxVoices value="10"/> <MaxRepeatRate value="0.9"/>
		</SoundDataNode>

<SoundDataNode name="giantsense"> <AudioSource name="Sounds/AudioSource_CreatureSenseAlert"/>
	<Noise ID="2" noise="11" time="3" muffled_when_crouched="0.5"/>
	<AudioClip ClipName="#@modfolder:Resources/robelotozombiesounds.unity3d?giantsense1"/>
	<AudioClip ClipName="#@modfolder:Resources/robelotozombiesounds.unity3d?giantsense2"/>
	<AudioClip ClipName="#@modfolder:Resources/robelotozombiesounds.unity3d?giantsense3"/>	
	<Channel name="Mouth"/>
	<Priority name="5"/>
	<maxVoicesPerEntity value="1"/>
  <LowestPitch name="0.9"/>
  <HighestPitch name="1.0"/>
	<LocalCrouchVolumeScale value="1.0"/> <CrouchNoiseScale value="0.5"/> <NoiseScale value="1"/> <MaxVoices value="10"/> <MaxRepeatRate value="0.9"/>
		</SoundDataNode>

<SoundDataNode name="giantpain"> <AudioSource name="Sounds/AudioSource_CreatureSenseAlert"/>
	<Noise ID="2" noise="11" time="3" muffled_when_crouched="0.5"/>
	<AudioClip ClipName="#@modfolder:Resources/robelotozombiesounds.unity3d?giantpain1"/>
	<AudioClip ClipName="#@modfolder:Resources/robelotozombiesounds.unity3d?giantpain2"/>
	<AudioClip ClipName="#@modfolder:Resources/robelotozombiesounds.unity3d?giantpain3"/>	
	<Channel name="Mouth"/>
	<Priority name="3"/>
	<maxVoicesPerEntity value="1"/>
  <LowestPitch name="0.9"/>
  <HighestPitch name="1.0"/>
	<LocalCrouchVolumeScale value="1.0"/> <CrouchNoiseScale value="0.5"/> <NoiseScale value="1"/> <MaxVoices value="10"/> <MaxRepeatRate value="0.9"/>
		</SoundDataNode>

<SoundDataNode name="giantattack"> <AudioSource name="Sounds/AudioSource_Creatures"/>
	<Noise ID="2" noise="11" time="3" muffled_when_crouched="0.5"/>
	<AudioClip ClipName="#@modfolder:Resources/robelotozombiesounds.unity3d?giantattack1"/>
	<AudioClip ClipName="#@modfolder:Resources/robelotozombiesounds.unity3d?giantattack2"/>
	<AudioClip ClipName="#@modfolder:Resources/robelotozombiesounds.unity3d?giantattack3"/>	
	<Channel name="Mouth"/>
	<Priority name="2"/>
	<maxVoicesPerEntity value="1"/>
  <LowestPitch name="0.9"/>
  <HighestPitch name="1.0"/>
	<LocalCrouchVolumeScale value="1.0"/> <CrouchNoiseScale value="0.5"/> <NoiseScale value="1"/> <MaxVoices value="10"/> <MaxRepeatRate value="0.9"/>
		</SoundDataNode>

<SoundDataNode name="giantroam"> <AudioSource name="Sounds/AudioSource_CreatureSenseAlert"/>
	<Noise ID="2" noise="11" time="3" muffled_when_crouched="0.5"/>
	<AudioClip ClipName="#@modfolder:Resources/robelotozombiesounds.unity3d?giantroam1"/>
	<AudioClip ClipName="#@modfolder:Resources/robelotozombiesounds.unity3d?giantroam2"/>
	<AudioClip ClipName="#@modfolder:Resources/robelotozombiesounds.unity3d?giantroam3"/>	
	<Channel name="Mouth"/>
	<Priority name="6"/>
	<maxVoicesPerEntity value="1"/>
  <LowestPitch name="0.9"/>
  <HighestPitch name="1.0"/>
	<LocalCrouchVolumeScale value="1.0"/> <CrouchNoiseScale value="0.5"/> <NoiseScale value="1"/> <MaxVoices value="10"/> <MaxRepeatRate value="0.9"/>
		</SoundDataNode>

<SoundDataNode name="moepukervomitwarning"> <AudioSource name="Sounds/AudioSource_Creatures"/>
	<AudioClip ClipName="#@modfolder:Resources/robelotozombiesounds.unity3d?moepukervomitwarning1"/>
	<Channel name="Mouth"/>
	<Priority name="3"/>
	<maxVoicesPerEntity value="1"/>
  <LowestPitch name="0.95"/>
  <HighestPitch name="1.05"/>
	<LocalCrouchVolumeScale value="1.0"/> <CrouchNoiseScale value="0.5"/> <NoiseScale value="1"/> <MaxVoices value="10"/> <MaxRepeatRate value="1.111"/> 
	</SoundDataNode>

<SoundDataNode name="mummyalert"> <AudioSource name="Sounds/AudioSource_CreatureSenseAlert"/>
	<Noise ID="2" noise="11" time="3" muffled_when_crouched="0.5"/>
	<AudioClip ClipName="#@modfolder:Resources/robelotozombiesounds.unity3d?mummyalert1"/>
	<AudioClip ClipName="#@modfolder:Resources/robelotozombiesounds.unity3d?mummyalert2"/>
	<AudioClip ClipName="#@modfolder:Resources/robelotozombiesounds.unity3d?mummyalert3"/>	
	<Channel name="Mouth"/>
	<Priority name="3"/>
	<maxVoicesPerEntity value="1"/>
  <LowestPitch name="0.9"/>
  <HighestPitch name="1.0"/>
	<LocalCrouchVolumeScale value="1.0"/> <CrouchNoiseScale value="0.5"/> <NoiseScale value="1"/> <MaxVoices value="10"/> <MaxRepeatRate value="0.9"/>
		</SoundDataNode>

<SoundDataNode name="mummysense"> <AudioSource name="Sounds/AudioSource_CreatureSenseAlert"/>
	<Noise ID="2" noise="11" time="3" muffled_when_crouched="0.5"/>
	<AudioClip ClipName="#@modfolder:Resources/robelotozombiesounds.unity3d?mummysense1"/>
	<AudioClip ClipName="#@modfolder:Resources/robelotozombiesounds.unity3d?mummysense2"/>
	<Channel name="Mouth"/>
	<Priority name="5"/>
	<maxVoicesPerEntity value="1"/>
  <LowestPitch name="0.9"/>
  <HighestPitch name="1.0"/>
	<LocalCrouchVolumeScale value="1.0"/> <CrouchNoiseScale value="0.5"/> <NoiseScale value="1"/> <MaxVoices value="10"/> <MaxRepeatRate value="0.9"/>
		</SoundDataNode>

<SoundDataNode name="mummypain"> <AudioSource name="Sounds/AudioSource_Pain"/>
	<Noise ID="2" noise="11" time="3" muffled_when_crouched="0.5"/>
	<AudioClip ClipName="#@modfolder:Resources/robelotozombiesounds.unity3d?mummypain1"/>
	<AudioClip ClipName="#@modfolder:Resources/robelotozombiesounds.unity3d?mummypain2"/>
	<AudioClip ClipName="#@modfolder:Resources/robelotozombiesounds.unity3d?mummypain3"/>	
	<Channel name="Mouth"/>
	<Priority name="3"/>
	<maxVoicesPerEntity value="1"/>
  <LowestPitch name="0.9"/>
  <HighestPitch name="1.0"/>
	<LocalCrouchVolumeScale value="1.0"/> <CrouchNoiseScale value="0.5"/> <NoiseScale value="1"/> <MaxVoices value="10"/> <MaxRepeatRate value="0.9"/>
		</SoundDataNode>

<SoundDataNode name="mummyattack"> <AudioSource name="Sounds/AudioSource_Creatures"/>
	<Noise ID="2" noise="11" time="3" muffled_when_crouched="0.5"/>
	<AudioClip ClipName="#@modfolder:Resources/robelotozombiesounds.unity3d?mummyattack1"/>
	<AudioClip ClipName="#@modfolder:Resources/robelotozombiesounds.unity3d?mummyattack2"/>
	<Channel name="Mouth"/>
	<Priority name="2"/>
	<maxVoicesPerEntity value="1"/>
  <LowestPitch name="0.9"/>
  <HighestPitch name="1.0"/>
	<LocalCrouchVolumeScale value="1.0"/> <CrouchNoiseScale value="0.5"/> <NoiseScale value="1"/> <MaxVoices value="10"/> <MaxRepeatRate value="0.9"/>
		</SoundDataNode>

<SoundDataNode name="mummyroam"> <AudioSource name="Sounds/AudioSource_CreatureSenseAlert"/>
	<Noise ID="2" noise="11" time="3" muffled_when_crouched="0.5"/>
	<AudioClip ClipName="#@modfolder:Resources/robelotozombiesounds.unity3d?mummyroam1"/>
	<AudioClip ClipName="#@modfolder:Resources/robelotozombiesounds.unity3d?mummyroam2"/>
	<Channel name="Mouth"/>
	<Priority name="6"/>
	<maxVoicesPerEntity value="1"/>
  <LowestPitch name="0.9"/>
  <HighestPitch name="1.0"/>
	<LocalCrouchVolumeScale value="1.0"/> <CrouchNoiseScale value="0.5"/> <NoiseScale value="1"/> <MaxVoices value="10"/> <MaxRepeatRate value="0.9"/>
		</SoundDataNode>

<SoundDataNode name="sanguisvomitattack"> <AudioSource name="Sounds/AudioSource_Creatures"/>
	<AudioClip ClipName="#@modfolder:Resources/robelotozombiesounds.unity3d?sanguisvomitattack1"/>
	<Channel name="Mouth"/>
	<Priority name="2"/>
  <LowestPitch name="0.95"/>
  <HighestPitch name="1.05"/>
	<LocalCrouchVolumeScale value="1.0"/> <CrouchNoiseScale value="0.5"/> <NoiseScale value="1"/> <MaxVoices value="10"/> <MaxRepeatRate value="1.8"/> 
	</SoundDataNode>

<SoundDataNode name="sanguisvomitwarning"> <AudioSource name="Sounds/AudioSource_Pain"/>
	<AudioClip ClipName="#@modfolder:Resources/robelotozombiesounds.unity3d?sanguisvomitwarning1"/>
	<Channel name="Mouth"/>
	<Priority name="3"/>
	<maxVoicesPerEntity value="1"/>
  <LowestPitch name="0.95"/>
  <HighestPitch name="1.05"/>
	<LocalCrouchVolumeScale value="1.0"/> <CrouchNoiseScale value="0.5"/> <NoiseScale value="1"/> <MaxVoices value="10"/> <MaxRepeatRate value="1.111"/> 
	</SoundDataNode>	

<SoundDataNode name="shadowalert"> <AudioSource name="Sounds/AudioSource_CreatureSenseAlert"/>
	<Noise ID="2" noise="11" time="3" muffled_when_crouched="0.5"/>
	<AudioClip ClipName="#@modfolder:Resources/robelotozombiesounds.unity3d?shadowalert1"/>
	<AudioClip ClipName="#@modfolder:Resources/robelotozombiesounds.unity3d?shadowalert2"/>
	<AudioClip ClipName="#@modfolder:Resources/robelotozombiesounds.unity3d?shadowalert3"/>	
	<Channel name="Mouth"/>
	<Priority name="3"/>
	<maxVoicesPerEntity value="1"/>
  <LowestPitch name="0.9"/>
  <HighestPitch name="1.0"/>
	<LocalCrouchVolumeScale value="1.0"/> <CrouchNoiseScale value="0.5"/> <NoiseScale value="1"/> <MaxVoices value="10"/> <MaxRepeatRate value="0.9"/>
		</SoundDataNode>

<SoundDataNode name="shadowsense"> <AudioSource name="Sounds/AudioSource_CreatureSenseAlert"/>
	<Noise ID="2" noise="11" time="3" muffled_when_crouched="0.5"/>
	<AudioClip ClipName="#@modfolder:Resources/robelotozombiesounds.unity3d?shadowsense1"/>
	<AudioClip ClipName="#@modfolder:Resources/robelotozombiesounds.unity3d?shadowsense2"/>
	<AudioClip ClipName="#@modfolder:Resources/robelotozombiesounds.unity3d?shadowsense3"/>	
	<AudioClip ClipName="Sounds/Enemies/Scout_Zombie/zombiefemalescoutalert3"/>	
	<Channel name="Mouth"/>
	<Priority name="3"/>
	<maxVoicesPerEntity value="1"/>
  <LowestPitch name="0.9"/>
  <HighestPitch name="1.0"/>
	<LocalCrouchVolumeScale value="1.0"/> <CrouchNoiseScale value="0.5"/> <NoiseScale value="1"/> <MaxVoices value="10"/> <MaxRepeatRate value="0.9"/>
		</SoundDataNode>

<SoundDataNode name="shadowpain"> <AudioSource name="Sounds/AudioSource_CreatureSenseAlert"/>
	<Noise ID="2" noise="11" time="3" muffled_when_crouched="0.5"/>
	<AudioClip ClipName="#@modfolder:Resources/robelotozombiesounds.unity3d?shadowpain1"/>
	<AudioClip ClipName="#@modfolder:Resources/robelotozombiesounds.unity3d?shadowpain2"/>
	<AudioClip ClipName="#@modfolder:Resources/robelotozombiesounds.unity3d?shadowpain3"/>	
	<Channel name="Mouth"/>
	<Priority name="3"/>
	<maxVoicesPerEntity value="1"/>
  <LowestPitch name="0.9"/>
  <HighestPitch name="1.0"/>
	<LocalCrouchVolumeScale value="1.0"/> <CrouchNoiseScale value="0.5"/> <NoiseScale value="1"/> <MaxVoices value="10"/> <MaxRepeatRate value="0.9"/>
		</SoundDataNode>

<SoundDataNode name="shadowattack"> <AudioSource name="Sounds/AudioSource_Creatures"/>
	<Noise ID="2" noise="11" time="3" muffled_when_crouched="0.5"/>
	<AudioClip ClipName="#@modfolder:Resources/robelotozombiesounds.unity3d?shadowattack1"/>
	<AudioClip ClipName="#@modfolder:Resources/robelotozombiesounds.unity3d?shadowattack2"/>
	<AudioClip ClipName="#@modfolder:Resources/robelotozombiesounds.unity3d?shadowattack3"/>	
	<Channel name="Mouth"/>
	<Priority name="2"/>
	<maxVoicesPerEntity value="1"/>
  <LowestPitch name="0.9"/>
  <HighestPitch name="1.0"/>
	<LocalCrouchVolumeScale value="1.0"/> <CrouchNoiseScale value="0.5"/> <NoiseScale value="1"/> <MaxVoices value="10"/> <MaxRepeatRate value="0.9"/>
		</SoundDataNode>

<SoundDataNode name="shadowroam"> <AudioSource name="Sounds/AudioSource_CreatureSenseAlert"/>
	<Noise ID="2" noise="11" time="3" muffled_when_crouched="0.5"/>
	<AudioClip ClipName="#@modfolder:Resources/robelotozombiesounds.unity3d?shadowroam1"/>
	<AudioClip ClipName="#@modfolder:Resources/robelotozombiesounds.unity3d?shadowroam2"/>
	<AudioClip ClipName="#@modfolder:Resources/robelotozombiesounds.unity3d?shadowroam3"/>
	<AudioClip ClipName="#@modfolder:Resources/robelotozombiesounds.unity3d?shadowroam4"/>
	<AudioClip ClipName="#@modfolder:Resources/robelotozombiesounds.unity3d?shadowroam5"/>	
	<Channel name="Mouth"/>
	<Priority name="6"/>
	<maxVoicesPerEntity value="1"/>
  <LowestPitch name="0.9"/>
  <HighestPitch name="1.0"/>
	<LocalCrouchVolumeScale value="1.0"/> <CrouchNoiseScale value="0.5"/> <NoiseScale value="1"/> <MaxVoices value="10"/> <MaxRepeatRate value="0.9"/>
		</SoundDataNode>
	
<SoundDataNode name="shadowvomitattack"> <AudioSource name="Sounds/AudioSource_Pain"/>
	<Noise ID="0" noise="108" time="1" muffled_when_crouched="0.8" heat_map_strength="0.4" heat_map_time="180"/>
	<AudioClip ClipName="#@modfolder:Resources/robelotozombiesounds.unity3d?shadowvomitattack1"/>
	<LocalCrouchVolumeScale value="1"/> <CrouchNoiseScale value="1"/> <NoiseScale value="1"/> <MaxVoices value="30"/> <MaxVoicesPerEntity value="1"/> <MaxRepeatRate value="0.001"/>
	</SoundDataNode>


<SoundDataNode name="shadowbuff"> <AudioSource name="Sounds/AudioSource_Amb_Small"/> <!-- shadows sound effect when he has blinded you -->
	<Noise ID="0" noise="40"/>
	<AudioClip ClipName="#@modfolder:Resources/robelotozombiesounds.unity3d?shadowbuff"/>
	<LocalCrouchVolumeScale value="1.0"/> <CrouchNoiseScale value="0.5"/> <NoiseScale value="1"/> <MaxVoices value="18"/> <MaxRepeatRate value="0.001"/>
	</SoundDataNode>	

<SoundDataNode name="shockerbuff"> <AudioSource name="Sounds/AudioSource_Amb_Small"/> <!-- shocker sound effect when he has shocked you -->
	<Noise ID="0" noise="40"/>
	<AudioClip ClipName="#@modfolder:Resources/robelotozombiesounds.unity3d?shockerbuff"/>
	<LocalCrouchVolumeScale value="1.0"/> <CrouchNoiseScale value="0.5"/> <NoiseScale value="1"/> <MaxVoices value="18"/> <MaxRepeatRate value="0.001"/>
	</SoundDataNode>


<SoundDataNode name="shockervomitwarning"> <AudioSource name="Sounds/AudioSource_Creatures"/>
	<AudioClip ClipName="#@modfolder:Resources/robelotozombiesounds.unity3d?shockervomitwarning"/>
	<Channel name="Mouth"/>
	<Priority name="3"/>
	<maxVoicesPerEntity value="1"/>
  <LowestPitch name="0.95"/>
  <HighestPitch name="1.05"/>
	<LocalCrouchVolumeScale value="1.0"/> <CrouchNoiseScale value="0.5"/> <NoiseScale value="1"/> <MaxVoices value="10"/> <MaxRepeatRate value="1.111"/> 
	</SoundDataNode>
	
<SoundDataNode name="zombiefemalescoutalertcustom"> <AudioSource name="Sounds/AudioSource_Screamer"/>
	<AudioClip ClipName="#@modfolder:Resources/robelotozombiesounds.unity3d?zombiefemalescoutalert1"/>
	<AudioClip ClipName="#@modfolder:Resources/robelotozombiesounds.unity3d?zombiefemalescoutalert2"/>
	<AudioClip ClipName="#@modfolder:Resources/robelotozombiesounds.unity3d?zombiefemalescoutalert3"/>		
	<Channel name="Mouth"/>
	<Priority name="3"/>
  <maxVoicesPerEntity value="1"/>
	<LocalCrouchVolumeScale value="1.0"/> <CrouchNoiseScale value="0.5"/> <NoiseScale value="1"/> <MaxVoices value="10"/> <MaxRepeatRate value="3"/> 
	</SoundDataNode>
		
<SoundDataNode name="zombiefemalescoutattackcustom"> <AudioSource name="Sounds/AudioSource_Screamer"/>
	<AudioClip ClipName="#@modfolder:Resources/robelotozombiesounds.unity3d?zombiefemalescoutattack1"/>
	<AudioClip ClipName="#@modfolder:Resources/robelotozombiesounds.unity3d?zombiefemalescoutattack2"/>
	<AudioClip ClipName="#@modfolder:Resources/robelotozombiesounds.unity3d?zombiefemalescoutattack3"/>		
	<Channel name="Mouth"/>
	<Priority name="2"/>
  <maxVoicesPerEntity value="1"/>
	<LocalCrouchVolumeScale value="1.0"/> <CrouchNoiseScale value="0.5"/> <NoiseScale value="1"/> <MaxVoices value="10"/> <MaxRepeatRate value="1.8"/> 
	</SoundDataNode>
			
<SoundDataNode name="zombiefemalescoutdeathcustom"> <AudioSource name="Sounds/AudioSource_Pain"/>
	<AudioClip ClipName="#@modfolder:Resources/robelotozombiesounds.unity3d?zombiefemalescoutdeath1"/>
	<AudioClip ClipName="#@modfolder:Resources/robelotozombiesounds.unity3d?zombiefemalescoutdeath2"/>		
	<Channel name="Mouth"/>
	<Priority name="0"/>
  <maxVoicesPerEntity value="1"/>
	<LocalCrouchVolumeScale value="1.0"/> <CrouchNoiseScale value="0.5"/> <NoiseScale value="1"/> <MaxVoices value="10"/> <MaxRepeatRate value="1.111"/> 
	</SoundDataNode>

<SoundDataNode name="zombiefemalescoutroamcustom"> <AudioSource name="Sounds/AudioSource_Screamer"/>
	<AudioClip ClipName="#@modfolder:Resources/robelotozombiesounds.unity3d?zombiefemalescoutroam1"/>
	<AudioClip ClipName="#@modfolder:Resources/robelotozombiesounds.unity3d?zombiefemalescoutroam2"/>
	<AudioClip ClipName="#@modfolder:Resources/robelotozombiesounds.unity3d?zombiefemalescoutroam3"/>
	<AudioClip ClipName="#@modfolder:Resources/robelotozombiesounds.unity3d?zombiefemalescoutroam4"/>	
	<Channel name="Mouth"/>
	<Priority name="5"/>
  <maxVoicesPerEntity value="1"/>
	<LocalCrouchVolumeScale value="1.0"/> <CrouchNoiseScale value="0.5"/> <NoiseScale value="1"/> <MaxVoices value="10"/> <MaxRepeatRate value="3"/> 
	</SoundDataNode>	
	</append>	
</configs>
